DROP SCHEMA IF EXISTS SIGHTINGS CASCADE;
CREATE SCHEMA IF NOT EXISTS SIGHTINGS;

SET SEARCH_PATH TO SIGHTINGS, PUBLIC;

CREATE TABLE SOURCE (
    Source_ID SERIAL PRIMARY KEY,
    Name VARCHAR(50) NOT NULL,
    URL VARCHAR(255) 
        CHECK (URL ~* '^(https?://)?(www\.)?([a-zA-Z0-9-]+\.)+[a-zA-Z]{2,}(/.*)?$'),
    Issue TEXT
);

CREATE TABLE REPORT (
    Report_ID SERIAL PRIMARY KEY,
    Report_Type VARCHAR(50) NOT NULL,
    Headline VARCHAR(255),
    Submitted_Date DATE NOT NULL,
    Author VARCHAR(50) NOT NULL,
    Source_ID INT,
    FOREIGN KEY (Source_ID) REFERENCES SOURCE(Source_ID) ON DELETE CASCADE
);

CREATE TABLE INVESTIGATOR (
    Investigator_ID SERIAL PRIMARY KEY,
    Investigator_Name VARCHAR(50) NOT NULL,
    Title VARCHAR(50),
    Organization VARCHAR(100)
);

CREATE TABLE FOLLOW_UP (
    Report_ID INT NOT NULL,
    Investigator_ID INT NOT NULL,
    Follow_Up_Date DATE NOT NULL,
    Notes TEXT,
    PRIMARY KEY (Report_ID, Investigator_ID, Follow_Up_Date),
    FOREIGN KEY (Report_ID) REFERENCES REPORT(Report_ID) ON DELETE CASCADE,
    FOREIGN KEY (Investigator_ID) REFERENCES INVESTIGATOR(Investigator_ID) ON DELETE CASCADE
);

CREATE TABLE ENVIRONMENT (
    Environment_ID SERIAL PRIMARY KEY,
    -- may need to process this into a concatenated string
    Environment_Description TEXT,
    -- Environment_Details TEXT,
    Season VARCHAR(20),
    -- May need to group date and time information into a single column
    -- Date DATE,
    -- process each date using the information in the report
    Year INT CHECK (Year <= EXTRACT(YEAR FROM CURRENT_DATE)),
    Month INT CHECK (Month >= 1 AND Month <= 12),
    Date_Text VARCHAR(20),
    Time_And_Conditions VARCHAR(100)
);

CREATE TABLE LOCATION (
    Location_ID SERIAL PRIMARY KEY,
    State VARCHAR(50),
    County VARCHAR(50),
    Nearest_Town VARCHAR(50),
    Nearest_Road VARCHAR(50),
    Location_Details TEXT,
    A_G_Reference VARCHAR(50)
);

CREATE TABLE EVENT (
    Event_ID SERIAL PRIMARY KEY,
    Event_Type VARCHAR(50) NOT NULL 
        CHECK (Event_Type IN ('Class A', 'Class B', 'Class C')),
    -- may need to process this into a concatenated string
    Observed_Description TEXT,
    Other_Witnesses TEXT,
    Witness_other_stories TEXT,
    Also_Noticed TEXT,
    Report_ID INT NOT NULL,
    Environment_ID INT,
    Location_ID INT,
    FOREIGN KEY (Report_ID) REFERENCES REPORT(Report_ID) ON DELETE CASCADE,
    FOREIGN KEY (Environment_ID) REFERENCES ENVIRONMENT(Environment_ID) ON DELETE SET NULL,
    FOREIGN KEY (Location_ID) REFERENCES LOCATION(Location_ID) ON DELETE SET NULL
);


-- Source Inserts Generated from data-processing-pipeline.ipynb
INSERT INTO SOURCE (Source_ID, Name, URL, Issue) VALUES (1, 'The Delta Discovery', 'http://www.deltadiscovery.com/story/2013/01/23/in-our-native-land/legendary-bigfoot-sighted-near-kasigluk/817.html', 'Volume 15, Issue 4');
INSERT INTO SOURCE (Source_ID, Name, URL, Issue) VALUES (2, 'he Clanton Advertiser', 'http://www.clantonadvertiser.com/articles/2004/07/10/opinion/for_the_record/5-editorial.txt', 'Researches from around the country have contacted The Advertiser with their take on the situation. It''s made some older locals celebrities, even if only for a short period of time. It''s even drawn calls to the paper from others who claim to see the giant monkey men of Chilton County. This was one of those great stories that was just too outlandish to have made up. It''s one that when a reporter hears the initial details, his eyes began to sparkle and his mouth begins to water because he knows he''s on to something. Thanks to all those were willing to talk about the bigfoot sightings of Chilton County in 1960.');
INSERT INTO SOURCE (Source_ID, Name, URL, Issue) VALUES (3, 'BC13 Birmingham Tuscaloosa Alabama', 'http://www.nbc13.com/news/3508750/detail.html', 'For decades people there have been talking about the strange creature that apparently has an affinity for the local peach crop.');
INSERT INTO SOURCE (Source_ID, Name, URL, Issue) VALUES (4, 'The Clanton Advertiser', 'http://www.clantonadvertiser.com/articles/2004/07/07/news/a-news.txt', 'It''s been almost 25-years since the original report was filed in the fall of 1960 but that hasn''t stopped Bigfoot spotters and researchers from around the country as citing the events around Walnut Creek as a legitimate and marvelous occurrence.');
INSERT INTO SOURCE (Source_ID, Name, URL, Issue) VALUES (5, 'Dispatches from the LP-OP', 'http://leepeacock2010.blogspot.com/', 'According to the witnesses, who spoke to The Courant on the condition of anonymity, they were traveling west on U.S. Highway 84 on Saturday when they saw the strange creature between the Herbert and Cohassett communities in Conecuh County, Alabama.');
INSERT INTO SOURCE (Source_ID, Name, URL, Issue) VALUES (6, 'Texarkana Gazette', 'http://www.texarkanagazette.com/archives/index.inn?loc=detail&doc=/2001/June/24-213-news04.txt', 'Instead of unraveling mysteries a la some paperback novel hero, most days are spent pecking out bits of hard news-meetings, traffic accidents, fires.');
INSERT INTO SOURCE (Source_ID, Name, URL, Issue) VALUES (7, 'Texarkana Gazette', 'http://www.texarkanagazette.com/archives/index.inn?loc=detail&doc=/2001/June/24-193-feature01.txt210', 'It didn''t even make Page One of the local newspaper.');
INSERT INTO SOURCE (Source_ID, Name, URL, Issue) VALUES (8, 'KMPH Turn to 10', 'http://turnto10.com/news/offbeat/is-bigfoot-back-in-the-valley', 'According to paranormal expert Jeffrey Gonzalez, the most recent sighting was near Avocado Lake.');
INSERT INTO SOURCE (Source_ID, Name, URL, Issue) VALUES (9, 'Sports Illustrated', 'http://www.si.com/vault/1971/08/30/612120/hes-big-hes-bashful-he-smells-bad', 'At the moment no one knows from where the skunk ape came; whether it is an overgrown chimp that escaped from an old Tarzan movie set, or an orangutan that fled a bankrupt Wild West show near Fort Lauderdale, or perhaps just a little monkey greatly magnified by imagination.');
INSERT INTO SOURCE (Source_ID, Name, URL, Issue) VALUES (10, 'WCJB - ABC News', 'http://www.wcjb.com/local-news/2014/05/legend-skunk-ape', 'What can the dark shadow passing through the woods be?');
INSERT INTO SOURCE (Source_ID, Name, URL, Issue) VALUES (11, 'Miami News', 'http://www.miaminewtimes.com/1998-02-19/news/creature-feature/full/', 'Shealy walks in front of me, a small flashlight in one hand, his tall, lean frame slightly stooped as he picks his way along an old game trail. He has spent almost all of his 34 years in Big Cypress, and he knows this part of the swamp like most people know their front yards.');
INSERT INTO SOURCE (Source_ID, Name, URL, Issue) VALUES (12, 'Two Egg', 'http://www.twoeggfla.com/monster.html', 'by Dale Cox');
INSERT INTO SOURCE (Source_ID, Name, URL, Issue) VALUES (13, 'Ocala Star Banner', 'http://www.ocala.com/article/20140323/ARTICLES/140329871?p=1&tc=pg&tc=ar', 'By Bruce Ackerman');
INSERT INTO SOURCE (Source_ID, Name, URL, Issue) VALUES (14, 'Palm Beach Post', 'http://news.google.com/newspapers?nid=1964&dat=19751119&id=GvgiAAAAIBAJ&sjid=9M0FAAAAIBAJ&pg=1430,530512', 'Although there have been no Skunk Ape sightings for several months, those who believe the monster-like creature exists are convinced it will surface again. ');
INSERT INTO SOURCE (Source_ID, Name, URL, Issue) VALUES (15, 'The Ledger', 'http://www.theledger.com/article/20071028/COLUMNISTS0404/710280370/1098', '''The Skunk Ape'' of Florida');
INSERT INTO SOURCE (Source_ID, Name, URL, Issue) VALUES (16, 'The Ledger', 'http://www.theledger.com/article/20041229/NEWS/412290303', 'By Gary White');
INSERT INTO SOURCE (Source_ID, Name, URL, Issue) VALUES (17, 'The Ledger', 'http://search.theledger.com/apps/pbcs.dll/article?AID=/20041113/NEWS/411130309&SearchID=73286054391791', '"I''ve heard about Big Foot and stuff," Ward says. "I didn''t really think it existed, but I''m convinced now."');
INSERT INTO SOURCE (Source_ID, Name, URL, Issue) VALUES (18, 'uffington Post', 'http://www.huffingtonpost.com/2013/06/14/skunk-ape-video-myakka-florida_n_3441565.html', 'But now, his poor-quality photos and video have sparked a heated debate.');
INSERT INTO SOURCE (Source_ID, Name, URL, Issue) VALUES (19, 'he City Observer', 'http://www.thecityobserver.org/index.html', 'Lake Helens Bigfoot Activity');
INSERT INTO SOURCE (Source_ID, Name, URL, Issue) VALUES (20, 'The Valdosta Daily Times', 'http://www.valdostadailytimes.com/news/local_news/in-search-of-the-skunk-ape/article_7c620560-5119-5be9-8cc2-96e3649164f7.html?mode=story', '... I saw it.');

-- Report Inserts Generated from data-processing-pipeline.ipynb
INSERT INTO REPORT (Report_Type, Headline, Submitted_Date, Author, Source_ID) VALUES ('Media Article', 'Legendary Bigfoot sighted near Kasigluk', '2013-01-23', 'By KJ Lincoln', 1);
INSERT INTO REPORT (Report_Type, Headline, Submitted_Date, Author, Source_ID) VALUES ('Media Article', 'Bigfoot sightings of years past draw some interest now', '2004-07-11', 'T', 2);
INSERT INTO REPORT (Report_Type, Headline, Submitted_Date, Author, Source_ID) VALUES ('Media Article', 'Bigfoot Legend Thrives In Chilton County: Man-Like Creature Lives In Peach Grove, According To Legend', '2004-07-08', 'N', 3);
INSERT INTO REPORT (Report_Type, Headline, Submitted_Date, Author, Source_ID) VALUES ('Media Article', 'Bigfoot sighting reaching Silver milestone', '2004-07-08', 'By Jason Cannon', 4);
INSERT INTO REPORT (Report_Type, Headline, Submitted_Date, Author, Source_ID) VALUES ('Media Article', 'Strange creature sighted near Sepulga River in Conecuh County, Alabama', '2016-07-28', 'By Lee Peacock', 5);
INSERT INTO REPORT (Report_Type, Headline, Submitted_Date, Author, Source_ID) VALUES ('Media Article', 'The Fouke Monster 30 Years Later: Ex-journalists recall sifting fact from Fouke fiction after sighting', '2001-06-24', 'By Sunni Thibodeau', 6);
INSERT INTO REPORT (Report_Type, Headline, Submitted_Date, Author, Source_ID) VALUES ('Media Article', 'The Fouke Monster: A look at how the media recorded the reports of the 1971 alleged sighting of a large creature in rural Miller County, Ark.', '2001-06-24', 'By Staff Writer  ', 7);
INSERT INTO REPORT (Report_Type, Headline, Submitted_Date, Author, Source_ID) VALUES ('Media Article', 'Bigfoot Sighting Reported in California', '2017-10-13', 'By Alexandra Lehnert', 8);
INSERT INTO REPORT (Report_Type, Headline, Submitted_Date, Author, Source_ID) VALUES ('Media Article', 'He''s big! He''s bashful! He smells bad!', '1971-08-30', 'By Pat Putnam', 9);
INSERT INTO REPORT (Report_Type, Headline, Submitted_Date, Author, Source_ID) VALUES ('Media Article', 'The Legend of the Skunk Ape', '2014-05-24', 'By Anna  Carabeo', 10);
INSERT INTO REPORT (Report_Type, Headline, Submitted_Date, Author, Source_ID) VALUES ('Media Article', 'Creature Feature', '1998-02-19', 'By Jim Kelly', 11);
INSERT INTO REPORT (Report_Type, Headline, Submitted_Date, Author, Source_ID) VALUES ('Media Article', 'The Monster of Two Egg, Florida?', '2010-02-23', 'By Dale Cox', 12);
INSERT INTO REPORT (Report_Type, Headline, Submitted_Date, Author, Source_ID) VALUES ('Media Article', 'Woman claims Bigfoot is real, and is in the Goethe State Forest', '2014-03-23', 'By Bruce  Ackerman', 13);
INSERT INTO REPORT (Report_Type, Headline, Submitted_Date, Author, Source_ID) VALUES ('Media Article', 'Waiting for Skunk Ape to Surface Again', '1975-11-19', 'By Marilyn Alva', 14);
INSERT INTO REPORT (Report_Type, Headline, Submitted_Date, Author, Source_ID) VALUES ('Media Article', 'The Skunk Ape of Florida', '2007-10-28', 'By Cinnamon Bair', 15);
INSERT INTO REPORT (Report_Type, Headline, Submitted_Date, Author, Source_ID) VALUES ('Media Article', '"Ape" Sighting Draws Interest', '2004-12-29', 'By Gary White', 16);
INSERT INTO REPORT (Report_Type, Headline, Submitted_Date, Author, Source_ID) VALUES ('Media Article', '[Our Own Loch Ness Monster?  Woman''s Sighting of Ape-Like Green Swamp Creature Among the Theories Studied by Cryptozoologists]', '2004-11-13', 'By Gary White', 17);
INSERT INTO REPORT (Report_Type, Headline, Submitted_Date, Author, Source_ID) VALUES ('Media Article', 'Skunk Ape Sighting in Myakka', '2013-06-06', 'H', 18);
INSERT INTO REPORT (Report_Type, Headline, Submitted_Date, Author, Source_ID) VALUES ('Media Article', 'Return of the Mole Man', '2012-11-01', 'T', 19);
INSERT INTO REPORT (Report_Type, Headline, Submitted_Date, Author, Source_ID) VALUES ('Media Article', 'In Search of the Skunk Ape', '2010-05-02', 'By Dean  Poling', 20);

-- Investigator Inserts Generated from data-processing-pipeline.ipynb
INSERT INTO INVESTIGATOR (Investigator_ID, Investigator_Name, Title, Organization) VALUES (1, 'Dr. Wolf H. Fahrenbach', 'Chief Investigator', 'Cryptozoology Society');
INSERT INTO INVESTIGATOR (Investigator_ID, Investigator_Name, Title, Organization) VALUES (2, 'Stan Courtney', 'Senior Investigator', 'Cryptozoology Society');
INSERT INTO INVESTIGATOR (Investigator_ID, Investigator_Name, Title, Organization) VALUES (3, 'Charles Lamica', 'Senior Investigator', 'Sighting Documentation Center');
INSERT INTO INVESTIGATOR (Investigator_ID, Investigator_Name, Title, Organization) VALUES (4, 'Kevin Withers', 'Chief Investigator', 'Bigfoot Field Research');
INSERT INTO INVESTIGATOR (Investigator_ID, Investigator_Name, Title, Organization) VALUES (5, 'John Salmond', 'Junior Investigator', 'Cryptozoology Society');
INSERT INTO INVESTIGATOR (Investigator_ID, Investigator_Name, Title, Organization) VALUES (6, 'Conor Ameigh', 'Lead Investigator', 'Bigfoot Field Research');
INSERT INTO INVESTIGATOR (Investigator_ID, Investigator_Name, Title, Organization) VALUES (7, 'Joanna Cuva', 'Lead Investigator', 'Cryptozoology Society');
INSERT INTO INVESTIGATOR (Investigator_ID, Investigator_Name, Title, Organization) VALUES (8, 'Mary Ross', 'Lead Investigator', 'Wildlife Research Institute');
INSERT INTO INVESTIGATOR (Investigator_ID, Investigator_Name, Title, Organization) VALUES (9, 'Kevin Smykal', 'Chief Investigator', 'Bigfoot Field Research');
INSERT INTO INVESTIGATOR (Investigator_ID, Investigator_Name, Title, Organization) VALUES (10, 'W. Gibson', 'Senior Investigator', 'Cryptozoology Society');
INSERT INTO INVESTIGATOR (Investigator_ID, Investigator_Name, Title, Organization) VALUES (11, 'Steve Phillips', 'Chief Investigator', 'BFRO');
INSERT INTO INVESTIGATOR (Investigator_ID, Investigator_Name, Title, Organization) VALUES (12, 'Michael  Brumfield', 'Chief Investigator', 'Bigfoot Field Research');
INSERT INTO INVESTIGATOR (Investigator_ID, Investigator_Name, Title, Organization) VALUES (13, 'Morris Collins', 'Research Investigator', 'Sighting Documentation Center');
INSERT INTO INVESTIGATOR (Investigator_ID, Investigator_Name, Title, Organization) VALUES (14, 'Matthew Moneymaker', 'Senior Investigator', 'BFRO');
INSERT INTO INVESTIGATOR (Investigator_ID, Investigator_Name, Title, Organization) VALUES (15, 'Thomas Bruns', 'Research Investigator', 'BFRO');
INSERT INTO INVESTIGATOR (Investigator_ID, Investigator_Name, Title, Organization) VALUES (16, 'R. Monteith', 'Field Investigator', 'Cryptid Investigation Bureau');
INSERT INTO INVESTIGATOR (Investigator_ID, Investigator_Name, Title, Organization) VALUES (17, 'Vince Lauria', 'Senior Investigator', 'Sighting Documentation Center');
INSERT INTO INVESTIGATOR (Investigator_ID, Investigator_Name, Title, Organization) VALUES (18, 'Mick Minnis', 'Senior Investigator', 'BFRO');
INSERT INTO INVESTIGATOR (Investigator_ID, Investigator_Name, Title, Organization) VALUES (19, 'Tal H. Branco', 'Senior Investigator', 'BFRO');
INSERT INTO INVESTIGATOR (Investigator_ID, Investigator_Name, Title, Organization) VALUES (20, 'Brad Sasser', 'Lead Investigator', 'Cryptozoology Society');

-- Follow-Up Inserts Generated from data-processing-pipeline.ipynb
INSERT INTO FOLLOW_UP (Report_ID, Investigator_ID, Follow_Up_Date, Notes) VALUES (6, 4, '2004-01-14', 'The witness related his sightings to the best of his recollection.I could find no fault with what he related when checked against his submitted report. Very credible in my opinion.');
INSERT INTO FOLLOW_UP (Report_ID, Investigator_ID, Follow_Up_Date, Notes) VALUES (8, 9, '2013-01-04', 'I contacted the witness, spoke to him and found him to be credible. He had the following to add:"I was driving southbound down route 11 through Columbiana County heading to Mountaineer casino.  The actual city was Leetonia.   The weather was sunny blue sky about 72 degrees.  Traffic was extremely light and I was cruisin my sports sedan lookin for an opportunity to open it up.  The road there is very straight and slightly downhill.  I put my foot on it and immediately focused on the road ahead lookin for patrol officers. When all of a sudden, a little over an eighth of a mile away I saw this tall golden brown figure crossing the road on the other side away from me as I approached.  It was definitely walking upright and it crossed from the median to over the guardrail in just a few large strides.  It had long arms that were swinging in sync with its stride.  Really smoothly, not bouncy like deer. Once I got close enough it was gone.  Definitely not a deer or bear.  I returned to the scene on my way home the next day and stopped to look for tracks or what not and did not feel like climbing down the side to investigate in the river.  The area I viewed all this is a small overpass where a little stream or river crosses under the road. "This area of Columbiana County has several farm fields, deer, orchards, and water sources.');
INSERT INTO FOLLOW_UP (Report_ID, Investigator_ID, Follow_Up_Date, Notes) VALUES (2, 8, '2013-02-22', 'We met the witness at the location of the sighting. The witness was fishing late at night as he does frequently. He was lying down on a folding lounge chair. His backyard is surrounded by tall weeds that boarder the RR tracks that run directly behind his house, and stretch over the river to the Wildlife Management Area on the other side of the river.The pier (dock) is on a small lagoon that leads to the Caloosahatchee River. When he first heard the creature he thought it was a raccoon. As the noise persisted, he got up to investigate. He slowly walked toward the sound and could make out something above his young 6'' palm tree just a few steps from his back door. As he approached, he inadvertently triggered the motion sensor on his backdoor security light and could now see the culprit. It was standing behind the palm tree and he could see the face was that of an ape-like animal with a hairy, man-like body. It had long arms, but because it was behind the palm tree, he got the best view of only its face. He described it as more ape than man. The nose more like an ape as it was upturned instead of hooded. The hair was dark brown, he didn''t see any ears, the skin on its cheeks and forehead was dark and weathered. It was bobbing back and forth, and making grunting noises. It seemed agitated and nervous. Its mouth was slightly open, but he doesn''t recall any long fangs. When he realized this thing was not something he was familiar with, he turned and headed for the house. As he was headed for the backdoor, it was headed for the RR tracks.Approximately a month later, he was fishing at a public pier 300 yards from his backyard when he overheard two teenagers talking about seeing the skunkape crossing the train trestle from the Caloosahatchee WMA to the mainland. This is a 500 yard walk across the river with four man made land bridges along the way. The water is only a few feet deep, except for the main waterway that runs through the furthest end. It would be about 12 feet deep. This area of Florida has a rich history of Skunkape sightings.');
INSERT INTO FOLLOW_UP (Report_ID, Investigator_ID, Follow_Up_Date, Notes) VALUES (13, 12, '2009-05-30', 'I spoke with the witness by phone and have the following to add:- His car was stalled for less than a minute and he noticed the creature when the engine started.  - Although the illumination did not allow him a clear view of the subject, he did see defined movement of the legs striding and the arms swinging as it turned and walked into the forest. - He had seen numerous deer and elk on this drive in the Gifford Pinchot National Forest.- The witness returned to the site 2 days later with several friends. There were track-like impressions but they could not discern any details due to snow accumulation since the sighting. - Judging from where the creature was spotted in front of some fir trees and up a slight (5) embankment, he estimated the height at 6 ½  to 7 feet.- He observed the subject for 20 seconds in dim lighting conditions but at a very close distance. (approx. 20 yards)- As he mentioned in his narrative, the encounter was  unsettling for the witness and he departed the area immediately. He had no desire to return alone that evening nor since then.Other notes:- He is very familiar with this area as he spent a lot of time in these forests as a youth with his family on camping trips and day hikes.- 4 years ago, they found footprints in this area.');
INSERT INTO FOLLOW_UP (Report_ID, Investigator_ID, Follow_Up_Date, Notes) VALUES (6, 6, '2010-02-27', 'Called and talked to this couple on February 20. Being avid fishing and outdoor enthusiasts, this couple really didn''t expect or realize what they were experiencing at the time of this incident. From the time it started to the time they managed to build-up the courage to leave, was approximately 45 minutes. It seemed to the witnesses that the animal on the mainland bank was possibly the dominant animal and the one on the island was the subservient of the two. The witnesses recalled that these two animals were not happy about being separated and kept expressing their annoyance until after the couple returned to the cabin area. They didn''t see eye-shine or the animals making all the noise but could tell where the vocalizations were coming from and saw the rocks as they were thrown.The witnesses have not been back to that spot  since. But I hope to meet with them there at the location soon.');
INSERT INTO FOLLOW_UP (Report_ID, Investigator_ID, Follow_Up_Date, Notes) VALUES (19, 11, '2010-12-22', 'I was introduced to the witness while on a trip out west in July 2010. In conversation he mentioned that his sighting was in Illinois back in 1972 and I asked him if he would allow me to do an interview.  Although this report is older, the terrain has not changed much since 1972 and exemplifies the "Halibut Effect".In summary the facial details observed were:Browline, heavy.No hair on the face.Eye color was brown.Nose was large and flat.The lips were thin.Very wide mouth.');
INSERT INTO FOLLOW_UP (Report_ID, Investigator_ID, Follow_Up_Date, Notes) VALUES (12, 19, '2000-11-09', 'The phone interview with the witness occurred nearly 15 years after the date of the incident, and without prior notice.  The witness, a federal land manager in Montana, recalled the events of that experience accurately to the report.  He is an avid woodsman, hunter and given the nature of his profession, I find him to be very credible.  The witness described the events consistently with the comments he submitted some five years ago.  He reiterated the idea of the vocalization sounding like a "rusty gate" being opened; guttural and high pitched.  He and his hunting partner heard the sound from a considerable distance, but he remarked that the other men in the party, Steve and Miles, were much closer to the origination of the sound and experienced a much more powerful aspect of it.  It disturbed both of them so much that they abandoned their hunting aspirations and hiked directly out of the area to their vehicles.  All of them only heard the sound once that afternoon.  Some time later, as is stated in the witness commentary, Miles was watching a TV program about bigfoot.  (The witness is unsure as to the title of the program.)  It demonstrated alleged bigfoot vocalizations during the program.  Miles'' wife was napping in the other room.  The vocalizations coming from the television woke her from her sleep, and she quickly made her way to the living room.  She confirmed that the sounds on the show were an uncanny resemblance to the sounds they heard while hunting near Lincoln, MT.  The witness then shared countless examples of additional stories of bigfoot activity in and around the area.  For example:    Miles'' sisters both claimed to have seen a bigfoot cross the road in front of them.  It scared them considerably.    A woman picking huckleberries west of Lincoln saw one at close range, and desribed the smell as the most horrible stench.  Another sighting reported near "Keep Cool Lakes".   These examples are merely a few of the stories shared by the witness.  I will remain in contact with this witness and endeavor to pursue contacts with witnesses of these additional incidents.Note:   The witness actually described a personal sighting nearly 30 years ago at another location.  He accompanied his cousin fishing and noticed "someone" standing along the riverbank some 500-800 yards away.  Asking his cousin what it was, his cousin replied, "It''s just someone fishing".  The witness looked again as they moved slightly closer and saw that this "person" was actually covered in brown hair, and then proceeded to watch the figure run quickly away from the river''s edge and into the forest.  The figure had been standing next to a tree stump.   The height of the stump was approximately 8.5 feet.  The witness claims the figure he saw standing next to this particular stump was at approximately the same height, admitting error within one foot above or below the height of the stump.  The witness was not able to check the immediate area for footprints.  I reiterate the fact that the witness is a federal land manager, and avid outdoorsman, is quite knowledgeable, and  credible.  It is the opinion of this investigator that the experiences included in this report are valid and legitimate.');
INSERT INTO FOLLOW_UP (Report_ID, Investigator_ID, Follow_Up_Date, Notes) VALUES (12, 19, '2006-04-27', 'After interviewing both witnesses in great detail about their sighting, I have come to the conclusion that these men have seen something they cannot explain away. Both men are very familiar with the wildlife in that particular area and were very much alert while driving, scanning the shoulder of the highway for deer and elk so as to avoid a collision. Their ability to spot game combined with their high level of concern for their safety adds particular credibility and validity to what they saw. In addition to merely spotting the subject exit the forest, these men watched as the subject approached their vehicle, and what appeared to be a calculated execution of crossing the highway between vehicles in an attempt to avoid being hit. This was most evident as the driver slowed his vehicle to gain a better look at the approaching subject. Both witnesses stated that the subject walked within approximately fifteen feet of their vehicle so as to pass behind it and cross the road. Both witnesses said that it was a deliberate action and seemed to have a sense of purpose and plan, and almost impatient while waiting for their vehicle to pass as other vehicles were quickly approaching. They also stated that the movements were extremely human like, with the exception of the gait. The driver stated that the steps seemed to precede the upper body as though it was designed for climbing steep terrain. They also noticed that while it was very tall, it did not possess a heavy muscular build, but rather a somewhat lean and almost lanky appearance. Upon closer examination, the passenger, while having a completely unobstructed view, indicated that the whole face was covered in hair. The witness was absolutely sure of this as he searched for eyes in an attempt to make eye contact. Due to the particular angle of the sun and intensity, definition of eyes nose and mouth were not completely distinguishable, but still evident. What struck both witnesses as  particularly amazing was the color of the hair and how it could aid in near perfect camouflage.  Both indicated that there was a multi-colored appearance ranging from dark brown and beige with dark grey peppered throughout. Both indicated that while the hair was rather uniform, it was not thick but somewhat thin in appearance. The overall size impressed both witnesses the moment they made visual contact, but since the subject was traversing very uneven terrain, it was difficult to estimate a somewhat accurate height. When asking the driver about the height, he stated that once the subject reached the paved highway, it was too tall to see the upper torso and based on the visible arms and middle torso, the driver said that the subject was tall enough to lay its arms comfortably across the top of the shell on his full size truck without raising them above a horizontal position. Upon conclusion of my investigation into this report, I find both men to be sane and highly credible in their recollection of the whole event.This is the third insident within a year that has been reported, that I know of, from the Cle Elum area.');
INSERT INTO FOLLOW_UP (Report_ID, Investigator_ID, Follow_Up_Date, Notes) VALUES (5, 19, '2002-02-10', 'I spoke to the witness who filed the report and learned the following:The creature appeared on the left side of the road and the driver (the writer of this report)  was not sure what it was and thought deer so she turned her headlights over on it and got a surprise... it just stood there perfectly erect and not moving.  She told me she thought the head was gorilla looking and especially small for the body, and this was seconded by her daughter.  Hair covered the head and any potential ears. A dark animal, all black, it stood and moved off later behind the car, slowly crossing the road erect as well.  (The grandson was said to have turned to look behind and saw it cross behind the car, although in my interview that wasn''t very clear because everything happened so fast and everyone was so excited.)  The closest the car got to the BF was approximately ten feet.   She said she could see no skin through the hair, including the face.  I asked about hands and she said she didn''t see them but noticed it had long arms that hung down while it stood in the erect position.  She felt maybe the hands were in a fist position.The sighting took place approximately 25 miles from  where she lives and she mentioned that in her opinion  there wouldn''t be anyone walking down this road at night since there was nothing on this road except a single church.  On one side of the road was a ditch where it was standing, on the other side was a hill, and the road was surrounded by pine forest.  She also told me it was heavily built, she could see no neck.  The daughter mentioned later that she could see that the chest was heavy and powerful looking. In addition, the brother of the witness was used as a comparison, he is well over 200 pounds at 6 feet 4 inches. She said this creature was significantly bigger. After thinking about her brother and what she saw she felt she underestimated the height of the creature in her excitement in the original report. The other  prime witness, a daughter of the driver, gave the following information in a separate interview : Her view was limited since the subject was to her left and then she had to look around her mother as they drove by it.  She saw a gorilla looking animal, from the midriff up. She recognized no breasts, just a powerful chest. She was bewildered, curious and very interested in driving around more looking for it.  After they drove past it and went home, the daughter remarked how much she wished they would have turned around and observed it further. She said nothing to disagree with her mother  and additionally served as an independent comparison.  She agrees it was gorilla looking and can offer little more in the way of detail except that it was off the road standing erect, lower than the road.');
INSERT INTO FOLLOW_UP (Report_ID, Investigator_ID, Follow_Up_Date, Notes) VALUES (16, 18, '2009-04-23', 'I spoke with the witness in a telephone interview and the following information can be included.  The creature had its back turned toward the witness and was walking away from his field of view towards a tree line and thick woods.  The sighting lasted only a few seconds, but the witness clearly recalled that the creature was walking. "It had arms and legs and was hairy" said the witness.  The witness recalled that the hair was dark brown in color and in some spots the hair appeared to be matted.Brandywine Ski Resort is adjacent to the Cuyahoga Valley National Park. The other report he is referring to is BFRO Report #12157');
INSERT INTO FOLLOW_UP (Report_ID, Investigator_ID, Follow_Up_Date, Notes) VALUES (6, 16, '2011-09-13', 'I contacted Gus (the witness to the incident in 1979). He was very surprised to hear from me and even though he hasn''t talked to an investigator since making the report in 2011. I found him to have an excellent recollection of the event.Gus had accompanied his father on a fishing trip that day and ended up at Clendening Lake. Although he wasn''t able to see anything due to the overgrowth of thick brush and briars, the sounds of what was happening resonated across the still waters.What initially sounded like an animal in distress turned quickly to a predator chasing his prey into the water. Scared by the loud roaring howls, Gus decided to get away from there. He woke his father up and his father was able to hear some of the commotion as the boat was motoring away from the area.Once back at the Marina and while grabbing something to eat at the diner, the waiter noticed their fearful looks and asked what was wrong. Gus was surprised at how the waiter shook it off, as if it was normal around there.This area has a long history of Bigfoot sightings along with unknown sounds emanating from the shores, the hills and hollers around Clendening lake that continue to this day. The witness and his father will add another to the growing list of locals that are quite certain what is lurking in the surrounding area.-------------------------------------------------------------Matt Moneymaker''s note:  The Buckeye Trail runs along the south side of this lake. There are other reports within a short distance of Buckeye Trail.');
INSERT INTO FOLLOW_UP (Report_ID, Investigator_ID, Follow_Up_Date, Notes) VALUES (3, 2, '2007-07-19', 'Miners Falls is a waterfall located on Miners River in the western portion of the Pictured Rocks National Lakeshore.  The witness and her friend began hearing the wood knocking off and on for about a minute as they walked.  At one point when they looked toward the noise they saw a stick hitting back and forth between two twin trees that were growing together.  This was only about 20 ft. from them.She preferred to refer to the stick as a limb because it was so large. There was about 18 - 24" between the two trees and they could see the limb knock back and forth between the two trees causing the wood on wood sound they were hearing.  The limb was straight out at a 90 degree angle and this witness believes she saw part of an arm, dark in color.The witness has grown up in Michigan and there was no explanation or animal she knew of that could hold such a large limb, hold it straight out at that height while banging back and forth between two trees.Photo of Miners Falls -');
INSERT INTO FOLLOW_UP (Report_ID, Investigator_ID, Follow_Up_Date, Notes) VALUES (20, 8, '2000-03-22', 'Speaking to the gentleman over the phone, he said that he observed three pairs of eyes moving laterally behind his house and into the woods.  He also said that he is a long time coon hunter and has never seen any eye shine in the woods at night like this.  The eyes appeared to be as red as a coke bottle''s cap, but larger.  He did not notice any "bounce" in the eyes, so whatever it was moved in a smooth gait.  There is steep terrain and thick cover where they entered the woods, but whatever it was seemed to move quickly and easily.The following morning he walked to the location where he saw the eyes disappear into the woods and found a fresh tree branch break approximately 4-5" in diameter. He didn''t think to look for tracks, but the ground cover did not lend well to showing footprints. He also struggled to climb to where he lost sight of them, even though whatever it was managed the terrain easily the previous night.  His neighbor''s dogs had began barking at approximately 11:30 PM and had continued for an hour or so and this seemed very strange to him. He had also heard knocks approximately five minutes apart a few weeks prior to this incident.He believed if Bigfoots existed, they were only in the Pacific Northwest. He seemed very sincere and excited about the glowing eyes that he witnessed. There was not sufficient light to reflect, we believe Bigfoots are using their own light in their eyes to allow what is reported quite often by witnesses and investigators. They could possibly use this ability to signal or identify each other. The capability to glow without nearby light is called bioluminescence. The BFRO has received numerous reports from Mineral County, including these two  incredible class A''s in close proximity to this home:Report #21894 Report #23437');
INSERT INTO FOLLOW_UP (Report_ID, Investigator_ID, Follow_Up_Date, Notes) VALUES (17, 16, '2013-05-31', 'A site visit was performed in this area on 6/15/13, and the following can be added to this report.  The sighting took place on the Shadebush Trail in Salt Fork State Park.  It was about a 3/4 mile down the 2 mile trail.  At the point of first seeing these animals, the witness was approximately two hundred feet away on a ridge that was mostly cleared of brush.  When I went to that spot he stated that they were much bigger than myself.  I am about six feet tall.  He also stated that they made me look small.  The two animals were dark in color and the witness describes them as huge.  The witness describes the arms as long, longer than a human.  Their walk was weird as they were sort of squatting as they walked.  The closest that he was to the animals was upon the initial sighting. The witness was not able to discern any specific features on the animals as he was not close enough.  He did note that the hair was not matted and had a slight shine to it.  When the animal turned to look at the witness, the animal turned its whole body.  The witness also did not notice a neck and describes the turning motion as stiff.  Photo taken by the witness using his cell phone:The witness looked for and did not find footprints or hair.There is a small gulley that needs to be traversed to get to this location.  From the ridge, which is about 50 feet higher in elevation than the trail he was walking on, it is easy to pick up movement and see clearly.  The witness crossed the gulley and proceeded to follow the animals.  He followed them approximately one thousand feet along this ridge line before they went out of sight.  The area on either side of this ridge has ravines that are thick with vegetation.  They also lead down to the lake to the northwest.  Deer sign was noticed in several places along the ridge line.  The surrounding woods:Interesting eyeshine captured while in the area at dark:Possibly some type of structure:');
INSERT INTO FOLLOW_UP (Report_ID, Investigator_ID, Follow_Up_Date, Notes) VALUES (11, 20, '2019-05-21', 'Spoke with the witness via phone. I am familiar with the area since it is about 45 miles north of my home. We could not visit the site due to heavy flooding and continued rain. Buchanan County is full of lush farmland, tributary creeks, and the Platte River is one of the longest in the country. This witness originally filed this report 16 years ago and it fell through the cracks. At the urging of his brother, a policeman in N. Carolina, he re-filed the report. After speaking with him the report remains pretty short and straightforward. It was early evening on June 8th, 1996. He heard the rustling behind him for about 15 minutes, and as stated, paid it no mind, as he figured it was a deer, or perhaps another person coming in to fish. Where he was at was the best place to get down to the river. It was about 15-20 yards or so from Pigeon Creek, which feeds into the river. The creek has heavy vegetation and steep banks so access to the river there is difficult at best. Where he was, the bank has a gentle slope down to the river. If you stand up at the river bank there you are about a head taller than the level of the land above you which is about 5 feet.He heard the rustling and steps (no bi pedal noted) and then an overwhelming stench began wafting down to him. It seemed to be getting worse, and seemed to be getting closer. After about 15 minutes the smell was brutal and the rustling or steps stopped, and it seemed very close. He got a weird creepy feeling and he turned around. There this massive dingy brown creature just standing perfectly still and staring right at him. A man with a whole lotta hair as he put it more succinctly. It was 20-30 yards away, and it was most of the way towards Pigeon Creek from his location. He estimated the weight to be 700-800 lbs. at least. The eyes were black and empty looking and they were looking right through him and it never blinked. The stare down lasted 5-7 seconds but felt like an hour. He dropped his pole while they continued to look at each other, and he took a couple of steps towards the small trail. Creature didnt move. Stood like a statue. This was his chance to bolt and run, which he did. He heard no movement behind him, other than himself crashing through the underbrush. Left all his gear behind and ran appx. a half mile or so to where his car was parked and headed home. As he mentioned, the creature never followed or came after him. This was an assumption because he got out of there unscathed, and he also never looked back. He has never returned to that spot. We discussed going back there, and he is not certain that is a possibility. Plenty of other good places to fish. Witness was good and recollection was vivid, even though time has passed. He was truly frightened and affected by the event. And he cares not if anyone believes him or not. It happened and so be it. And he would not have even relived this event were it not for his family, urging him to come forward.');
INSERT INTO FOLLOW_UP (Report_ID, Investigator_ID, Follow_Up_Date, Notes) VALUES (5, 11, '2008-01-15', 'The phone conversation with this witness was interesting, and he seemed quite credible.  While it is very difficult to ascertain exactly what this kind of sound is actually from, I am inclined to post this report due to a variety of factors.     He and the other witness are planning additional trips into the area, and we are maintaining contact.');
INSERT INTO FOLLOW_UP (Report_ID, Investigator_ID, Follow_Up_Date, Notes) VALUES (6, 11, '2000-08-31', 'In the summer of 1976 or 77 between 10 and 11 oclock the witness who was 17 or 18 years old and his two friends went to the location and parked their Chevy Cheyenne pickup. The vehicle was facing south. After being there 20 minutes they begin to casually throw rocks at the street light. Most of the rocks landed in the woods. The rocks they threw were potato size rocks and would make good size knocks when they would hit trees.The witness and his friends heard 3  4 knocks 200 yards to the northeast. At that point the knocks were such a non-event that they didnt say anything but looked at each other with quizzical looks and continued on. A few minutes later there were 3  4 knocks 100 yards away. They looked at each other and asked each other what is that? Whatever was doing the knocking was moving in a southwesterly direction to their position. The 3  4 knock sets lasted 1.5 to 2 seconds. The witness said, it sounded like wood hitting wood and that the wood was bare, no bark. The knocks were loud and resonated like clunking two pieces of aged firewood together hard.The last set of 3  4 knocks were 30  60 yards away from them. They looked at each other and just ran for the pickup. The witness said that they really didnt want to wait and see what was going to come out of the woods, plus they were throwing rocks at the street light. He said they looked out the back window and nothing came out of the woods into the light of the street light.The witness explained how you could tell that knocking sound was made by hitting two pieces of wood together or swinging a piece of wood against another. There isnt an animal that can do that. He emphasized the unlikelihood that it was a person doing the knocking. The first set of knocks would have had to come from an area down an 80+ foot almost vertical bluff. He explained, it would be a feat to climb it during the day and impossible to climb in the dark.Whatever it was didnt make any noise moving through the woods with moderate thick understory. The witness explained that it would be strange for a person or persons to move through the woods and not make any noise or use any lights because the woods were so dark. They didnt hear any talking or laughing.They came in on the only road to the area and they didnt see anyone or any vehicles. The area was scrub land and didnt have anything that was developed and no reason any one would be lying in wait for some unsuspecting teenagers to scare.The witness has 40+ years of hunting experience and has never heard anything like that in all of his years of hunting. To this day, he and his friends still reminisce about the night that they heard the knocks and ran out of fear of something that didnt fit any reasonable explanation.The location in the early 60s was a farm, by the 70s the property had been obtained by eminent domain and allowed to grow wild. From satellite images (1963) it appears the farm might have been an apple orchard and has been verified by one of the witnesses that in the 60s it was a working apple farm. The area then and now was allowed to revert to its natural state. In the 70s, Bender Park was just a foot path going down to the lake and not the developed boat landing that it is now. Even though the area is surrounded by sparsely developed neighborhoods there are corridors that something could use to make its way to the area unhindered or hampered. There are two recent cases from far outer suburbs of Dallas and Atlanta that have had activity in areas more developed than in this case. One trait that shares commonality with all three instances is that there was a corridor of woods leading in and out of the area. Waterways can also be considered corridors that they would use too. The Dallas case is an on going area of research and cant be disclosed. The Georgia incident can be viewed on Finding Bigfoot Episode 1, ''Bigfoot Crossing in Georgia'' or on YouTube by using the search term: "Georgia police camera video"');
INSERT INTO FOLLOW_UP (Report_ID, Investigator_ID, Follow_Up_Date, Notes) VALUES (1, 5, '2011-07-09', 'I spoke with the witness by phone.In summary:- The animal was about seven feet tall.- The animal weighed more than 300 lbs.- The hair was long and dark brown.- The animal had mud caked on its lower legs as if it had been walking in the mud along the creek.- The witness was unable to see the animal''s face.');
INSERT INTO FOLLOW_UP (Report_ID, Investigator_ID, Follow_Up_Date, Notes) VALUES (5, 4, '2009-06-29', 'The behaviors described in the witness'' well-written and detailed narrative, as well as other details, are typical of what we have heard and observed during expeditions. The sighting of a large, fast bi-pedal creature crossing the road the next day also corroborates the experiences from the night before, in that at least one of the creatures was still around. The witness described the creature as approximately 9 tall, huge, thick through the body, black in color, swinging arms, and looked like a very big man.After interviewing this witness, hearing his account, and gathering details that were not written up in the report I must conclude that the witness and his camping partners were visited and observed by more than one sasquatch, and that they actually had a brief sighting of a sasquatch the next morning on their way out of the area.');
INSERT INTO FOLLOW_UP (Report_ID, Investigator_ID, Follow_Up_Date, Notes) VALUES (17, 12, '2000-10-24', 'I talked to the witness and her husband by phone. The hunter they talked to at first said he only saw bear in the area the previous year. They described the "bounces" as if something was thrown, not a log rolling or a branch falling from a tree. The husband described the running as "heavy footsteps" from something large, not like a deer or elk. When first heard, it was close at the edge of their camp. He threw a rock and it ran further but seemed to stop in the brush, followed by total silence, even after they threw more rocks. Because it seemed so large to him, the husband said, "I''m glad I didn''t see it." They are confident it was not a bear. They camp a lot and have had many bear encounters. They did not smell any foul odor. There is a long history of Bigfoot activity and sightings in this area.');

-- Environment Inserts Generated from data-processing-pipeline.ipynb
INSERT INTO ENVIRONMENT (Environment_ID, Environment_Description, Season, Year, Month, Date_Text, Time_And_Conditions) VALUES (1, 'Heavy forest, open valley and meadows, rugged mountains and hills, ridges, rivers, lakes...everything possible for almost any animal is here to survive and survive and flourish away from humans...', 'Spring', 2021, 5, '05/31/2021', '1:00am PST');
INSERT INTO ENVIRONMENT (Environment_ID, Environment_Description, Season, Year, Month, Date_Text, Time_And_Conditions) VALUES (2, 'The Place this occurred is just inside the city limits of Woodsfield, Ohio. The town is very small, but the sighting did occur with in a few hundred feet of houses. It had been and was snowing very heavily that night. The creatures tracks came down off of a very steep embankment and then continued across SR 78. We later found out that on the bank there is a natural spring that flows year round. South Eastern Ohio is a very hilly place. Very much like the whole of West Virginia.', 'Winter', 1994, 2, NULL, 'Mid/Late Febuary 1994. It was about 10:00pm on a week night. It was snowing.');
INSERT INTO ENVIRONMENT (Environment_ID, Environment_Description, Season, Year, Month, Date_Text, Time_And_Conditions) VALUES (3, 'heavy forrest, almost directly behind the house on the opposite side of the road from the parking area...nearly to the top of the ridge there', 'Summer', 1983, 8, NULL, '1983 sighting was first light, very warm. 2010 sighting, around 6 pm, very warm, clear.');
INSERT INTO ENVIRONMENT (Environment_ID, Environment_Description, Season, Year, Month, Date_Text, Time_And_Conditions) VALUES (4, 'Heavily wooded, fairly remote.', 'Summer', 1982, 7, NULL, 'It was dusk, the sun was setting..estimate time was around 8 PM.');
INSERT INTO ENVIRONMENT (Environment_ID, Environment_Description, Season, Year, Month, Date_Text, Time_And_Conditions) VALUES (5, 'The environment is a decidious/ coniferous forest with mostly oak, maple and other hardwood trees previlent with pockets of large white pines.  To the south and east  were draws that went down into creek bottoms while the north and south were dense overgrowth and forest.  The sighting was from the road that went around the edges of the state park.', 'Summer', 2009, 7, NULL, 'The sighting occurred  during mid afternoon with sunny conditions in a forested area.');
INSERT INTO ENVIRONMENT (Environment_ID, Environment_Description, Season, Year, Month, Date_Text, Time_And_Conditions) VALUES (6, 'Mixed Swamp. creeks, dry land.', 'Winter', 1991, 1, '11', 'We found it on a Friday, early morning.');
INSERT INTO ENVIRONMENT (Environment_ID, Environment_Description, Season, Year, Month, Date_Text, Time_And_Conditions) VALUES (7, 'It was forested with,mostly red firs.,and some cedar groves here and there.There were also one or two ponds close to our area.The mountain also had natural water springs throughout it.There was also a lot of brush in some areas.', 'Summer', 1963, 6, '10', 'This incident occurred between 10am and11am.The skyline was mostly clear.Only a few clouds.The air t');
INSERT INTO ENVIRONMENT (Environment_ID, Environment_Description, Season, Year, Month, Date_Text, Time_And_Conditions) VALUES (8, 'This area has water on all four sides from streams which makes it literally an island. It is thick with woods and abundant wildlife. The thing with this area is it is close to the George Washington National Forest.', 'Spring', 2014, 4, '3', 'Around 4:00 am');
INSERT INTO ENVIRONMENT (Environment_ID, Environment_Description, Season, Year, Month, Date_Text, Time_And_Conditions) VALUES (9, 'Fields, livestock, swamp, creeks,', 'Winter', 2017, 1, '1/15/2017', '12 noon. Overcast and about to storm.');
INSERT INTO ENVIRONMENT (Environment_ID, Environment_Description, Season, Year, Month, Date_Text, Time_And_Conditions) VALUES (10, 'One the right side of the road there are storage building and on the left is the family''s home.  But not far behind all of that on both side are woods and mountains.  It''s not far from Mill Creek.', 'Fall', 2003, 11, '27', 'It was a clear night, but very cold.  It was around 11:30pm.');
INSERT INTO ENVIRONMENT (Environment_ID, Environment_Description, Season, Year, Month, Date_Text, Time_And_Conditions) VALUES (11, 'Mt. Saint Helens was erupting.', 'Spring', 1980, 5, '18', 'Morning. Sulfur smell.');
INSERT INTO ENVIRONMENT (Environment_ID, Environment_Description, Season, Year, Month, Date_Text, Time_And_Conditions) VALUES (12, 'Logged area with plenty of Doug fir, Larch and Ponderosa pine. Some Cottonwoods and aspen in the seasonal streams on either side of the property. Also, lots of shrubby understory; nine barks, spirea, serviceberry and snowberry.', 'Summer', 2013, 7, NULL, '2 a.m. no moon, dark. Hot and dry no clouds.');
INSERT INTO ENVIRONMENT (Environment_ID, Environment_Description, Season, Year, Month, Date_Text, Time_And_Conditions) VALUES (13, 'The environment is a small field, with trees and taller bushes.', 'Fall', 2015, 11, '5', '60 degrees, sunny at 4:12 pm');
INSERT INTO ENVIRONMENT (Environment_ID, Environment_Description, Season, Year, Month, Date_Text, Time_And_Conditions) VALUES (14, 'Heavily wooded area with a small creek.', 'Summer', 2021, 7, '9th', 'The print was found at approximately 10:00 A.M. sunny daylight conditions.');
INSERT INTO ENVIRONMENT (Environment_ID, Environment_Description, Season, Year, Month, Date_Text, Time_And_Conditions) VALUES (15, 'Many many pine trees and woods and a lake w/ many cows.', 'Summer', 1984, 7, NULL, 'It was around 8:00 getting dark, as I ran the sun hit me in the back.');
INSERT INTO ENVIRONMENT (Environment_ID, Environment_Description, Season, Year, Month, Date_Text, Time_And_Conditions) VALUES (16, 'On the edge of the Meramac River with some open pasture and heavy forest from the edge of the campsite on down river for several miles. Lots of caves in the area. Oak, Hickory, Black Walnut, Wild Plum, Mulberry, Paw Paw, Wild Cherry, Blackberry ect.', 'Summer', 1982, 6, NULL, 'Started about 20 minutes before dark and lasted about an hour after dark.');
INSERT INTO ENVIRONMENT (Environment_ID, Environment_Description, Season, Year, Month, Date_Text, Time_And_Conditions) VALUES (17, 'This thing was standing on a concrete bridge, pulling leaves, or something from the branches of trees that grow up from the creek bank below the bridge.', 'Winter', 2001, 12, 'don''t remember', 'about 3am');
INSERT INTO ENVIRONMENT (Environment_ID, Environment_Description, Season, Year, Month, Date_Text, Time_And_Conditions) VALUES (18, 'The land area, was an old timers style coal mining area.', 'Winter', 2014, 2, '17', 'The Tracks had to been made over night Feb 16-17 2014.');
INSERT INTO ENVIRONMENT (Environment_ID, Environment_Description, Season, Year, Month, Date_Text, Time_And_Conditions) VALUES (19, 'Open sage brush/grass on mountain side. Pine groves running in the gulches of the mountain and occasionally in the open areas. Cypress trees in the open areas as well.', 'Fall', 2012, 9, '9/23/12', '7:30 AM, Clear');
INSERT INTO ENVIRONMENT (Environment_ID, Environment_Description, Season, Year, Month, Date_Text, Time_And_Conditions) VALUES (20, 'Dense trees, large hills, ponds, less travelled roads.', 'Fall', 2002, 9, '7', 'Both Day and Night');

-- Event Inserts Generated from data-processing-pipeline.ipynb
INSERT INTO EVENT (Event_ID, Event_Type, Observed_Description, Other_Witnesses, Witness_Other_Stories, Also_Noticed, Report_ID, Environment_ID, Location_ID) VALUES (1, 'Class A', 'I and two of my friends were bored one night so we decided to do a little snowmachining. Though it was illegal to snowmachine in Anchorage, there were some good trails to ride on a little north of my house.', 'My two friends were snowmachining behind me but did not see it. If it had been light outside they might have seen it, but it was pitch black outside. My only light was from my snowmachine.', 'I have not heard of any other incidents in Anchorage.', 'Some tracks in the snow, and a clearing in the fresh snow where it looked like a large animal had pushed snow aside and layed down.', 1, 1, NULL);
INSERT INTO EVENT (Event_ID, Event_Type, Observed_Description, Other_Witnesses, Witness_Other_Stories, Also_Noticed, Report_ID, Environment_ID, Location_ID) VALUES (2, 'Class B', 'Me and a couple of friends had been bored, when I decided we should take a walk through the woods behind my house. I didn''t think much of it, as me and my friend have done it many times before. There were four of us, and we set out at about 11 o''clock at night. It was rather dark, but there was light from the moon. The weather was rather cold, as we did this in the winter. The area we walked on was game trails (trails that moose walk on) as well as trails used for mushers, runners, cross country skiiers, and that sort. We had walked about 2 miles from my house to another entrance where most people enter. On the way we had talked about unexplainable events or things such as bigfoot, and UFOs. When we reached the bridge where most people come in, one friend had smoked a cigarette. We then saw a light and decided to go on. On the way back, we heard wild dogs barking wildly, and decided to pick up the speed. It eventually became a sprint, whereafter we walked. When we walked, we continued talking about it. It was then I had realized, some thing had been following us, as well as testing us, or even harassing us. It was much earlier, I just didnt think about it. I had thought it was my friend Warren, who is sometimes clumsy. I had thought it was him who had made noises such as slipping, but it was really something throwing stuff at us. I had realized this about half way back. I asked if Warren kept slipping, when he told me it wasn''t, and he thought I could have been pulling a prank. We stopped for a minute to listen when I told the others something strange was going on. We stopped, and shone a flashlight around, hearing noises such as steps, and branches moving and breaking. The leader had thought I had been playing a joke when I told him seriously, I wasn''t. He decided to walk behind with me, when something threw snowballs, and nearly hit us on many occasions. It was then he realized that this was no joke, and we picked up a light jog, for most of the way. When we were almost out of the woods, we had again heard dogs, and maybe 20 ft away, the branches breaking, and again, something throwing stuff at us. By the time we left, it was about 3-3:30 in the morning. I did not go directly to my house because I didn''t know if it was still following us. I know this was not a prank because the snow is more then 5 ft deep in the woods, and someone would have a extremely hard time to play a prank like that.', '4. Me, w-man, warren and sean. We were at my house thinking of what we could do because we were so bored.', 'no', 'We smelled of colonge and after shave, and one of them smoked.(Warren)', 2, 2, NULL);
INSERT INTO EVENT (Event_ID, Event_Type, Observed_Description, Other_Witnesses, Witness_Other_Stories, Also_Noticed, Report_ID, Environment_ID, Location_ID) VALUES (3, 'Class B', 'My hunting buddy and I were sitting on a ridge watching for Caribou. About 1000 yards away a large clearing was in view. While we were glassing the clearing for caribou to come out of the brush we watched a large grey animal walking on hind legs walk between two large spruce trees on opposite sides of the clearing. We are both long time Alaskans, avid hunters and have logged many, many hunts in North America. I have hunted all of North America''s Deer, elk, Black and Grizzly Bear. I have never seen an animal like what we saw that day. we watched it for over a half  hour move from one tree accross the clearing to the other tree. eventually, caribou moved into the area and we lost sight of the animal when it moved off into heavy brush. We had never heard of a Bigfoot in AK. But we did tell the Bush pilot that picked us up from our hunt that we had seen something strange. He told us we had probably seen the "Hairy Man" A well known animal of the Iliamna region by the native people.', 'Scouting for caribou with high quality binoculars', NULL, 'nothing unusual', 3, 3, NULL);
INSERT INTO EVENT (Event_ID, Event_Type, Observed_Description, Other_Witnesses, Witness_Other_Stories, Also_Noticed, Report_ID, Environment_ID, Location_ID) VALUES (4, 'Class B', 'To whom it may concern, I am a commercial fisherman in Alaska and have been doing so since 1970. I am an avid outdoorsman, hunter and someone who just loves to get out there. Every year after fishing, I try to take a trip up river with a friend or two to wind down and enjoy ourselves before we go home. This year while I was on this trip into Alaska''s interior our main mission was to take pictures of bears and the surrounding wildlife to promote a new bear viewing and sports fishing buisness. While on our five day trip, we spotted more than fourty bears. I took hundrends of pictures of these bears and their tracks.', 'One other witness, and he was fishing prior to the incident. As this time of year the salmon fill the lakes and creeks to the brim.', 'I''ve only heard of one other story, from an old native man that lived by himself, a true hermit. He spoke of a tall creature that walked on two legs, and watched him for thirty minutes from accross the river of which his cabin overlooked approximately two hundred feet away,when first sighted  he was motionless and staring straight at him,then this creature which he named "Hairy Man" turned and briskly walked away.', 'Just these foot prints and how obvious it was that this was not a bear track or at least it sure didn''t look or feel that it was.', 4, 4, NULL);
INSERT INTO EVENT (Event_ID, Event_Type, Observed_Description, Other_Witnesses, Witness_Other_Stories, Also_Noticed, Report_ID, Environment_ID, Location_ID) VALUES (5, 'Class A', 'My hiking partner and I arrived late to the Kennikot area. We were trying to make it to the camp sites near the glachier but it started getting too dark even for us . So we decided to camp at the first available site . We found a small spot right off the trail so we made camp and hung our supplies in a tree down the trail , started a fire and were just finishing a small meal when I walked to the trail to smoke.', 'I was the only witness, there was one other in my party but he didn''t see anything, he was at camp, I was about 15 ft from camp smoking a cigarett', NULL, 'I did hear what appeared to be grunting in the distance', 5, 5, NULL);
INSERT INTO EVENT (Event_ID, Event_Type, Observed_Description, Other_Witnesses, Witness_Other_Stories, Also_Noticed, Report_ID, Environment_ID, Location_ID) VALUES (6, 'Class A', 'It was the month of July, 2009 in Fairbanks Alaska.  I was heading south on Auburn Dr toward Farmers Loop which was about 1 mile away.  It is a wooded area frequented by homes and in general would be considered a populated area.  Houses are on an average of about 100 to 200 feet apart with only the general area around and close to the homes cleared out.  Most of the area by far is wooded.  It was the section of the road where it passes by Pearl Creek Elementary school.  The school can be seen through the woods.  Some of the woods in the area are quite thick and in some places cant be seen into more than about 10 or 15 feet.  But in this area, it had apparently been cleaned out quite a bit and sightlines into the section of the sighting were very open.  The school and vegetable garden could be seen off to the right from the road I was on.  It was about 6pm and I was heading home after a day of working on a deck I was building.  The weather was clear with the sun high in the sky.  As I was driving, I happened to notice a man standing by the right side of the road about 100 yards ahead.  It was more of an unconscious recognition.  Theres nothing unusual about a man standing on the side of the road in this area.  As I got to within about 50 yards, I looked closer.  Thats no man I said to myself (I was alone in the car).  Shortly after that, 1 or 2 seconds, he bolted into the woods towards the school.  He did it like a wild animal would do if spooked.  I didnt slow down until I got to the place where I saw him go into the woods which is where I stopped.  I could see him running away from the road and when he was into the woods about 30 yards or so, he turned left and was now running parallel to the road in the same direction I was heading.  I got a good look at him, but not his face.  I could have probably seen his face had I not been so mesmerized and had the presence of mind to look at it.  I was busy noticing other things.  His fur or hair looked to be about 3 to 4 inches all over the main part of his body.  It was a reddish rusty color.  I was mildly struck by how red it was, but it definitely had some rustyness to it.  He was about 6 feet tall and looked to weigh about 200 lbs.  He ran with a strange Hoppy kind of run.  It wasnt a limp.  With one foot he pushed off with was more a normal running move, but the other foot he pushed off with propelled him upward (about a foot or less) and forward.  I watched him until he disappeared into the woods.  There was a road about 100 yards ahead and I took off to get to it so I could turn right and in 20 yards turn right again to the road that lead to the school parking lot.  So the wooded area he was in was sort of a peninsula and he seemingly had to be in there somewhere. The woods I was looking into from that angle were quite thick and I didnt see him and havent seen him since.  A little farther up on the right was the school garden that had people in it (around 7 - 10) which Im now sorry I didnt stop to go talk to them about it.', 'No other witnesses', 'I saw some people the next day who saw some kids the week before who had seen it.', 'I saw some people the next day who saw some kids the week before who had seen it.', 6, 6, NULL);
INSERT INTO EVENT (Event_ID, Event_Type, Observed_Description, Other_Witnesses, Witness_Other_Stories, Also_Noticed, Report_ID, Environment_ID, Location_ID) VALUES (7, 'Class A', 'I personally did not see it but a Noncommissioned officer i work with along with his wife, child and hunting buddy were on their way home when according to them a large, hairy about seven foot ape looking thing crossed the road in front of them. From what i could gather none of them are too familiar with bigfoot information. Any way they say it crossed the road which is about thirty-five feet in width in four to five steps it seemed and disappeared into the brush on the other side which leads to a river called the Chena. Both of the guys have been hunting since childhood and are sure they know a bear when they see one. The thing crossed the road on its hind legs and as we all agreed yeah a bear can raise up on its hindlegs and even take a few clumsy steps, but, cross a thirty-five foot road.....naw! They say they even came back later (they were shook) and looked for tracks. He wasn''t too sure but says he found some tracks that didn''t look like any tracks he was! ! familiar with. They were pointed inward as a person who is what i call pigeon-toed. They heard or saw nothing else but were a bit shook and headed home. The entire story seemed incredible to me because the incident took place on a military installation. I really don''t won''t to get the guys involved because they fear ridicule.', 'They had just picked the buddy up from work.', NULL, NULL, 7, 7, NULL);
INSERT INTO EVENT (Event_ID, Event_Type, Observed_Description, Other_Witnesses, Witness_Other_Stories, Also_Noticed, Report_ID, Environment_ID, Location_ID) VALUES (8, 'Class B', 'This happened in late August of 1997 in a side valley of Goldstream Valley, a relatively populated area just north of Fairbanks.  Although it''s quite close to the Fairbanks area and there are many houses and roads in the main part of Goldstream, the side valleys are still as wild as they were a thousand years ago.', 'Just myself.', 'Most of the native peoples of Alaska seem to have stories about the "woodsman", the "bushman", the "hairy man", etc.  Other than this, I''ve never heard of anyone I know having an actual encounter with a woodsman in Alaska.', 'I covered pretty much everything in my narrative.', 8, 8, NULL);
INSERT INTO EVENT (Event_ID, Event_Type, Observed_Description, Other_Witnesses, Witness_Other_Stories, Also_Noticed, Report_ID, Environment_ID, Location_ID) VALUES (9, 'Class A', 'I was part of a group of about a dozen Army personnel training in the area. It was summer on a warm clear day. We were above treeline and had been camped there for several days. I was looking across the nearest valley when I spotted movement. It was on the base of a steep mountainside in bare, rocky terrain, with snowfields descending down the small gullies on the hillside. It was moving up the valley about a half mile away.', 'Just sitting around relaxing', 'I was telling a friend about this and he said he found tracks in the sand in Alaska out by King Salmon. He said they were over two feet long but looked human. He has alot of outdoor experience here and says they were in no way the tracks of a bear. This was also in a remote area where you don''t see other people, only in planes.', NULL, 9, 9, NULL);
INSERT INTO EVENT (Event_ID, Event_Type, Observed_Description, Other_Witnesses, Witness_Other_Stories, Also_Noticed, Report_ID, Environment_ID, Location_ID) VALUES (10, 'Class A', 'Something that I would not believe unless I saw it just stepped up about 30 feet in front of me stared at me kind of grunted and walked into the woods real quietly . I did have a rifle and a handgun on me because I was out hunting but for some reason I DIDN''T FEEL THREATENED. Although I did turn around and headed back to my car often glancing over my shoulder . I did hear some cracking branches on several occasions and I heard a few low to high tones coming from the direction that the really tall at least 6 feet and shaggy dark brown thing went and what made me walk a little faster was that some of those sounds were answered from the other side of the road .other than that no further sighting and or hearing took place the year', 'I WAS JUST WALKING DOWN THIS DIRT ROAD RABBIT HUNTING.', NULL, 'I believe I covered that in my earlier statement', 10, 10, NULL);
INSERT INTO EVENT (Event_ID, Event_Type, Observed_Description, Other_Witnesses, Witness_Other_Stories, Also_Noticed, Report_ID, Environment_ID, Location_ID) VALUES (11, 'Class B', 'This is just a report from a native that said he saw a hairy person about 6 to 7 feet tall, all hairy, casually walking across the dirt road by Skilak Lake. It looked at him and stopped on the road and appeared surprised. Then it took off into the woods swiftly. He said it was very agile and quick. He was about 275 to 300 yards away. There was no snow on the ground yet. He said they looked at each other for a bit and he loaded his single shot shotgun cause he didn''t know if it was friendly or not. He was going to run and tell the authorities but he didn''t saying that they wouldn''t believe him. He was very serious as he was telling the story. I know the man, he is a strong Christian. That was probably about late October or early November. This place is near Sterling, Alaska. The location is full of spruce forest. I''ve been in there, it''s secluded from the main highway and full of forest and lakes and mountains.', 'The man was hunting small game and riding around to kill time when he saw it.', 'He didn''t want to tell us first but we told him that we know him personally and he told us. This is my first time of someone telling me from this particular area. I haven''t heard of any others.', NULL, 11, 11, NULL);
INSERT INTO EVENT (Event_ID, Event_Type, Observed_Description, Other_Witnesses, Witness_Other_Stories, Also_Noticed, Report_ID, Environment_ID, Location_ID) VALUES (12, 'Class B', 'My name is Kevin and I''ve been hunting in Alaska for 8 years now. I''m used to tracking dangerous animals like Bull Moose and Grizzly Bears. One early morning we were observing several Large Moose tracks in the mud. I saw a track that looked like a BIG FOOT track. I looked at my buddy and said "what does that look like to you"? and He said "That''s a Big Foot track"! there it was amongst the moose tracks. It was a good 11 inches long and was made from the right foot. I could see all 5 toes. What struck me most was the size of the big toe! The track appeared to be a couple of days old. I looked around for other tracks, but found none. The thing must of been running. I wanted to go back there and make a plaster cast, but it was raining hard. Two days later I went back there and the track was filled with water and nonrecognizable.', '2 witnesses  tracking wild game.', 'never heard any stories like this.', NULL, 12, 12, NULL);
INSERT INTO EVENT (Event_ID, Event_Type, Observed_Description, Other_Witnesses, Witness_Other_Stories, Also_Noticed, Report_ID, Environment_ID, Location_ID) VALUES (13, 'Class A', 'A friend and I were driving back to Fairbanks from Anchorage..I was driving her truck-a 1980 Dodge d50 ..these trucks sit very low to the ground..It was late at night, and we were just about to the tourist Area of the Denali Park.  It wasn''t winter yet,  just before a corner, my lights hit something sitting on the yellow line in the middle of the road.  The lights to this truck were grossly out of adjustment, so they were pointing right at the thing.  It was sitting in the middle of the road with it''s legs pulled up to it''s chest, and it''s arms folded over it''s knees.  It''s head was between it''s arms, looking toward the ground It had long, human like hair..at first I thought it was an orangutan,  Then I thought to myself, what would an orangutan be doing in the middle of nowhere in Alaska.  I''ve lived here almost all my life and there is no animal like this one..I thought to myself the only way that could have been an orangutan is if there''s a circus out here.. I knew that was not a possibility in such a remote area. I drove right next to it and I was at it''s level.  If I had been going slow, I could have touched it easily. I was freaked out and thought I must be seeing things, maybe I was tired..My friend saw it too, although neither one of us said a word until we reached the gas station in the town of Healy just passed Denali.  She said "Did you see that.."  and I said, "I thought I was seeing things.." This spooked us so bad we didn''t even say anything to each other about it until we were around people.  We have talked about this, and still agree that we saw this thing. We have given up on trying to explain it to anyone else, because no one believes it..We both have decided not to bring it up because no one believes it anyway.  Why I feel this is so unusual, is there is no animal native to Alaska that could resemble this thing in anyway.  We have bears, moose, caribou, porcupine, rabbits ect..but none of these animals have knees or long reddish colored hair. I don''t know how to explain it, and I''ve given up trying to because nobody believes it, they think your joking.', 'We weren''t talking, She was going to take a nap, I figured she was asleep, and I was just seeing things..until she mentioned it in Healy.', NULL, 'Nothing..we have tried to figure out exactly where this occurred on other trips to and from Anchorage over the years, but have never been able to pin it down for sure.', 13, 13, NULL);
INSERT INTO EVENT (Event_ID, Event_Type, Observed_Description, Other_Witnesses, Witness_Other_Stories, Also_Noticed, Report_ID, Environment_ID, Location_ID) VALUES (14, 'Class A', 'This incident happened last night just after 11pm. My daughter was home alone. She lives with a relative, who was out of town. She called me at 11:22 pm; she was terrified. She said she could hear something walking back and forth by her bedroom window. She also said she looked out the window when she first heard it, and saw "something" big and black, really big. She described the "thing" to have been about 3-4 feet above the bottom of the window. When I went down to look behind the house this morning, I stood by the window. I am 5''4" and my eyes just reach the bottom of the window, so I figure this "thing" must have been 7-8 feet tall. We live in a small village of less than 500 population.  There are a lot of bushes and trees in between the houses. Their house is close to the beach, and there is forest surrounding the town. Now, I''ve never known my daughter to afraid of anything, but last night when I went to pick her up, she was shaking like a leaf, she was hysterical, it took me almost an hour to calm her down. I questioned her about what happened. She called me about 5 minutes after she first saw it.  She was too scared to move. When I got down there, I would not look behind the house, but she was hiding in my relative''s closet. She said it was walking back and forth right behind the house. She described the footsteps as a sound that someone very large walking on two feet, kind of like a "stomping". My daughter is very down-to-earth, not one prone to dramatics. When I first went down there, I didn''t really know what was going on, just that my daughter was scared spitless, but I would not look behind the house. When I went up to the house, my hair felt like it was standing on end, and I had goosebumps really bad. I was scared and didnt know why.', 'No other witnesses', 'There are quite a few other stories about sightings close to town, one was less than a mile away. But there have also been sightings on the Hydaburg road by several people. Too many to post.', 'I questioned a friend who lives next door to my daughter. She said she heard something, but wasn''t too sure what it was, but she didn''t check it out. She also heard her dog barking.', 14, 14, NULL);
INSERT INTO EVENT (Event_ID, Event_Type, Observed_Description, Other_Witnesses, Witness_Other_Stories, Also_Noticed, Report_ID, Environment_ID, Location_ID) VALUES (15, 'Class B', 'I and my cousin were walking down Harris River from the Harris River camp ground. We were walking about 30 to 45 minutes when my cousin thought he saw something standing in front of us about 100 feet or so away. When he asked me if I could see what it was, I told him I couldn''t see because I didn''t have any contacts on or glasses. So he told me it was just a stump so I was like ok.. Then we went over to where we thought the thing was and in the sand about an inch deep there was a footprint like a man''s. In shoe size it looked like it might have been like a size 13 or 15, There were 3 foot prints and about a minute later we ran for about ten minutes and we started walking and then we got to the road, about a mile away from the picnic area, where we were having a Mother''s Day picnic  We started to race each other to the picnic area where our family members were. Then we told them about it and we just kept it to ourselves for some odd reason.', 'There was just I and my cousin. We were trying to figure out what might have been looking at us.', 'No other incidents that I know of.', 'The feet were human-like 5 toes, heel,bridge in the foot,and was really big', 15, 15, NULL);
INSERT INTO EVENT (Event_ID, Event_Type, Observed_Description, Other_Witnesses, Witness_Other_Stories, Also_Noticed, Report_ID, Environment_ID, Location_ID) VALUES (16, 'Class A', 'I was going for a drive. I had 3 kids with me, my daughters and one of their cousins. It was starting to get dark. I decided I wanted to turn around and not go all the way down to the sort yard. So I pulled into a turnaround. I had the car lights on. Just in the bushes on the other side of the road, I noticed some movement. I thought it might have been a deer, so I stopped the car. The first thing I really saw was really bright blue eyes. Then I noticed how far up they were, the thing had to be about 8-9 feet tall. The rest of the thing was real dark, might have been black or dark brown. My daughter saw the feet....they were huge. When I realized it might be a bigfoot, I freaked out and tore out of there. I''ve never been down there after dark again. I rarely go there at all. It didn''t move after the initial movement we saw, it just stood there looking at us.', 'There were 3 of us who saw it. My oldest daughter was 12, and her 11 year old cousin.', 'There are local legends about a wild man in the woods.', NULL, 16, 16, NULL);
INSERT INTO EVENT (Event_ID, Event_Type, Observed_Description, Other_Witnesses, Witness_Other_Stories, Also_Noticed, Report_ID, Environment_ID, Location_ID) VALUES (17, 'Class B', 'This is an excerpt from a short story I wrote about this hunting trip for mostly my family.  I am 64 years old and have 40+ years in law enforcement, currently serving as chief of police.', 'No, Bill slept through it.', 'No.', 'The moment I woke Bill up the wood smacking stopped.', 17, 17, NULL);
INSERT INTO EVENT (Event_ID, Event_Type, Observed_Description, Other_Witnesses, Witness_Other_Stories, Also_Noticed, Report_ID, Environment_ID, Location_ID) VALUES (18, 'Class A', 'Around 6:45pm on April 23rd, 2008, as my son and I were coming into the US from Canada.  We were traveling west about 14 miles on the US side of the US Canada border on the Alcan highway.   My son was driving.  If you''ve ever driven that road, then you know how the pavement has huge dips in it, I suspect from the freezing and thawing of the foundation of soil under the pavement.  Anyway, my son was watching directly in front of the car to make sure we took the smoothest path around some upcoming heaves in the pavement.  I was watching further down the highway as I had done our entire trip from Lethbridge, AB.  My hope was to catch a glimpse of a bear, moose or some awesome wildlife or some kind.   Anyway, we were on a slight decent down a hill, making a slight left corner and about to start up the other side when I saw what I thought was a human crossing the road, may 3-tenths of a mile ahead of us and up then slight incline.  He was a tall, odd looking fellow and I joked to myself when I first saw him..  "Well, there is sasquatch up the road", fully expecting to see that a person had crossed from a house or something on the left-hand side of the road over to another house or something on the right hand side.  When we got to the point where the structures should have been, there was nothing..  I mean nothing.  And no sign of any human, animal or anything else on the right hand side of the road in the woods.  This thing was walking upright like a man, long arms and what looked like a long neck from the side.  It had a fairly long gape in his walk..arms swinging with each stride.  It was all one color...I described it to my wife as the color of a Carhartt rust/brown full cover-alls.  I called her first thing when we got cell coverage in Tok.  She got on the web and saw where this was not the first time a sighting happened in this very same area.  I was so glad that someone else had seen it!  I hate to say it, but he looked similar to the representations on TV and pictures!  By the way, I have always thought this whole thing was a bunch of nonsense.  If nothing else, someone was wearing a suit to make them look like the sasquatch character.', 'just me.', 'Yes.  My wife found incidents in this area on the web.  I dont have those links but can get them...  May have been from this site...', '15 minutes later an ambulance went by us heading east also on the Alcan.  Strange considering there is nothing out there much...  Who knows were the enarist hospital is.  It just was strange on top of what I had just seen.', 18, 18, NULL);
INSERT INTO EVENT (Event_ID, Event_Type, Observed_Description, Other_Witnesses, Witness_Other_Stories, Also_Noticed, Report_ID, Environment_ID, Location_ID) VALUES (19, 'Class A', 'My daughter and I were traveling to Tok, Alaska, westbound approx. 30-45 minutes from US Customs at Alaskan/Canadian Boarder. We were towing a 27 ft. trailer and listening to music and enjoying the view. An object caught my eye standing in the treeline south of the eastbound lane. I saw something from the waist up reaching to a higher part of a white bark tree. I did a double take and slammed on the brakes and came to a complete stop. Whatever it was had its back to us and still was reaching up with its right arm. The animal was a beautiful blond/auburn coloration and appeared well groomed as I could see the waist and well developed shoulders that blended into the head. I didn''t see a real neck. I made a mental note using the tree as a height measuring device. I reached for the camera and my daughter but when we left our truck the animal was gone. We returned to our truck and continued driving until we pulled into the rest stop mentioned above. I took a tape measure from the tool box and measured a similar looking white bark tree using my mental notes....The animal I saw stood at better than 9 ft with an overhead reach greater than 12 ft.', 'Myself and daughter. We were listening to music, talking and just enjoying the sights and view while driving.', 'The hunter mentioned above seemed to think it might have been a grizzly....I do not know if it were a bear or not. What ever we saw was very large, tall > 9 ft, with a tremendous reach.', 'I did not hear any sounds and this was my first road trip in the area.', 19, 19, NULL);
INSERT INTO EVENT (Event_ID, Event_Type, Observed_Description, Other_Witnesses, Witness_Other_Stories, Also_Noticed, Report_ID, Environment_ID, Location_ID) VALUES (20, 'Class A', 'Ed L. was salmon fishing with a companion in Prince William Sound. After anchoring off shore, his companion took a small boat up a river to check on the state of the salmon run. As the day wore on toward evening and he didn''t come back at the expected time, Ed scanned upriver and across the adjacent land with binoculars. There he saw a sasquatch walking across the tundra, with long, smooth steps and with dark hair flowing from its shoulders, bouncing behind "like a cape" at every step. The sasquatch paid no attention to the boat (distance about 1,000'').', 'On a commercial fishing boat at anchor at the mouth of one of the rivers discharging into the bay.', NULL, NULL, 20, 20, NULL);
