DROP SCHEMA IF EXISTS SIGHTINGS CASCADE;
CREATE SCHEMA IF NOT EXISTS SIGHTINGS;

SET SEARCH_PATH TO SIGHTINGS, PUBLIC;

CREATE TABLE SOURCE (
    Source_ID SERIAL PRIMARY KEY,
    Name VARCHAR(50) NOT NULL,
    URL VARCHAR(255) 
        CHECK (URL ~* '^(https?://)?(www\.)?([a-zA-Z0-9-]+\.)+[a-zA-Z]{2,}(/.*)?$'),
    Issue TEXT
);

CREATE TABLE REPORT (
    Report_ID SERIAL PRIMARY KEY,
    Report_Type VARCHAR(50) NOT NULL,
    Headline VARCHAR(255),
    Submitted_Date DATE NOT NULL,
    Author VARCHAR(50) NOT NULL,
    Source_ID INT,
    FOREIGN KEY (Source_ID) REFERENCES SOURCE(Source_ID) ON DELETE CASCADE
);

CREATE TABLE INVESTIGATOR (
    Investigator_ID SERIAL PRIMARY KEY,
    Investigator_Name VARCHAR(50) NOT NULL,
    Title VARCHAR(50) NOT NULL,
    Organization VARCHAR(100)
);

CREATE TABLE FOLLOW_UP (
    Report_ID INT NOT NULL,
    Investigator_ID INT NOT NULL,
    Follow_Up_Date DATE NOT NULL,
    Notes TEXT,
    PRIMARY KEY (Report_ID, Investigator_ID, Follow_Up_Date),
    FOREIGN KEY (Report_ID) REFERENCES REPORT(Report_ID) ON DELETE CASCADE,
    FOREIGN KEY (Investigator_ID) REFERENCES INVESTIGATOR(Investigator_ID) ON DELETE CASCADE
);

CREATE TABLE ENVIRONMENT (
    Environment_ID SERIAL PRIMARY KEY,
    Environment_Description TEXT,
    Season VARCHAR(20),
    Year INT CHECK (Year <= EXTRACT(YEAR FROM CURRENT_DATE)),
    Month INT CHECK (Month >= 1 AND Month <= 12),
    Date_Text VARCHAR(20),
    Time_And_Conditions VARCHAR(100)
);

CREATE TABLE LOCATION (
    Location_ID SERIAL PRIMARY KEY,
    State VARCHAR(50) NOT NULL,
    County VARCHAR(50) NOT NULL,
    Nearest_Town VARCHAR(50),
    Nearest_Road VARCHAR(50),
    Location_Details TEXT,
    A_G_Reference VARCHAR(50)
);

CREATE TABLE EVENT (
    Event_ID SERIAL PRIMARY KEY,
    Event_Type VARCHAR(50) NOT NULL 
        CHECK (Event_Type IN ('Class A', 'Class B', 'Class C')),
    Observed_Description TEXT,
    Other_Witnesses TEXT,
    Witness_other_stories TEXT,
    Also_Noticed TEXT,
    Report_ID INT NOT NULL,
    Environment_ID INT,
    Location_ID INT,
    FOREIGN KEY (Report_ID) REFERENCES REPORT(Report_ID) ON DELETE CASCADE,
    FOREIGN KEY (Environment_ID) REFERENCES ENVIRONMENT(Environment_ID) ON DELETE SET NULL,
    FOREIGN KEY (Location_ID) REFERENCES LOCATION(Location_ID) ON DELETE SET NULL
);


-- Source Inserts Generated from data-processing-pipeline.ipynb
INSERT INTO SOURCE (Source_ID, Name, URL, Issue) VALUES (1, 'The Delta Discovery', 'http://www.deltadiscovery.com/story/2013/01/23/in-our-native-land/legendary-bigfoot-sighted-near-kasigluk/817.html', 'Volume 15, Issue 4');
INSERT INTO SOURCE (Source_ID, Name, URL, Issue) VALUES (2, 'he Clanton Advertiser', 'http://www.clantonadvertiser.com/articles/2004/07/10/opinion/for_the_record/5-editorial.txt', 'Researches from around the country have contacted The Advertiser with their take on the situation. It''s made some older locals celebrities, even if only for a short period of time. It''s even drawn calls to the paper from others who claim to see the giant monkey men of Chilton County. This was one of those great stories that was just too outlandish to have made up. It''s one that when a reporter hears the initial details, his eyes began to sparkle and his mouth begins to water because he knows he''s on to something. Thanks to all those were willing to talk about the bigfoot sightings of Chilton County in 1960.');
INSERT INTO SOURCE (Source_ID, Name, URL, Issue) VALUES (3, 'BC13 Birmingham Tuscaloosa Alabama', 'http://www.nbc13.com/news/3508750/detail.html', 'For decades people there have been talking about the strange creature that apparently has an affinity for the local peach crop.');
INSERT INTO SOURCE (Source_ID, Name, URL, Issue) VALUES (4, 'The Clanton Advertiser', 'http://www.clantonadvertiser.com/articles/2004/07/07/news/a-news.txt', 'It''s been almost 25-years since the original report was filed in the fall of 1960 but that hasn''t stopped Bigfoot spotters and researchers from around the country as citing the events around Walnut Creek as a legitimate and marvelous occurrence.');
INSERT INTO SOURCE (Source_ID, Name, URL, Issue) VALUES (5, 'Dispatches from the LP-OP', 'http://leepeacock2010.blogspot.com/', 'According to the witnesses, who spoke to The Courant on the condition of anonymity, they were traveling west on U.S. Highway 84 on Saturday when they saw the strange creature between the Herbert and Cohassett communities in Conecuh County, Alabama.');
INSERT INTO SOURCE (Source_ID, Name, URL, Issue) VALUES (6, 'Texarkana Gazette', 'http://www.texarkanagazette.com/archives/index.inn?loc=detail&doc=/2001/June/24-213-news04.txt', 'Instead of unraveling mysteries a la some paperback novel hero, most days are spent pecking out bits of hard news-meetings, traffic accidents, fires.');
INSERT INTO SOURCE (Source_ID, Name, URL, Issue) VALUES (7, 'Texarkana Gazette', 'http://www.texarkanagazette.com/archives/index.inn?loc=detail&doc=/2001/June/24-193-feature01.txt210', 'It didn''t even make Page One of the local newspaper.');
INSERT INTO SOURCE (Source_ID, Name, URL, Issue) VALUES (8, 'KMPH Turn to 10', 'http://turnto10.com/news/offbeat/is-bigfoot-back-in-the-valley', 'According to paranormal expert Jeffrey Gonzalez, the most recent sighting was near Avocado Lake.');
INSERT INTO SOURCE (Source_ID, Name, URL, Issue) VALUES (9, 'Sports Illustrated', 'http://www.si.com/vault/1971/08/30/612120/hes-big-hes-bashful-he-smells-bad', 'At the moment no one knows from where the skunk ape came; whether it is an overgrown chimp that escaped from an old Tarzan movie set, or an orangutan that fled a bankrupt Wild West show near Fort Lauderdale, or perhaps just a little monkey greatly magnified by imagination.');
INSERT INTO SOURCE (Source_ID, Name, URL, Issue) VALUES (10, 'WCJB - ABC News', 'http://www.wcjb.com/local-news/2014/05/legend-skunk-ape', 'What can the dark shadow passing through the woods be?');
INSERT INTO SOURCE (Source_ID, Name, URL, Issue) VALUES (11, 'Miami News', 'http://www.miaminewtimes.com/1998-02-19/news/creature-feature/full/', 'Shealy walks in front of me, a small flashlight in one hand, his tall, lean frame slightly stooped as he picks his way along an old game trail. He has spent almost all of his 34 years in Big Cypress, and he knows this part of the swamp like most people know their front yards.');
INSERT INTO SOURCE (Source_ID, Name, URL, Issue) VALUES (12, 'Two Egg', 'http://www.twoeggfla.com/monster.html', 'by Dale Cox');
INSERT INTO SOURCE (Source_ID, Name, URL, Issue) VALUES (13, 'Ocala Star Banner', 'http://www.ocala.com/article/20140323/ARTICLES/140329871?p=1&tc=pg&tc=ar', 'By Bruce Ackerman');
INSERT INTO SOURCE (Source_ID, Name, URL, Issue) VALUES (14, 'Palm Beach Post', 'http://news.google.com/newspapers?nid=1964&dat=19751119&id=GvgiAAAAIBAJ&sjid=9M0FAAAAIBAJ&pg=1430,530512', 'Although there have been no Skunk Ape sightings for several months, those who believe the monster-like creature exists are convinced it will surface again. ');
INSERT INTO SOURCE (Source_ID, Name, URL, Issue) VALUES (15, 'The Ledger', 'http://www.theledger.com/article/20071028/COLUMNISTS0404/710280370/1098', '''The Skunk Ape'' of Florida');
INSERT INTO SOURCE (Source_ID, Name, URL, Issue) VALUES (16, 'The Ledger', 'http://www.theledger.com/article/20041229/NEWS/412290303', 'By Gary White');
INSERT INTO SOURCE (Source_ID, Name, URL, Issue) VALUES (17, 'The Ledger', 'http://search.theledger.com/apps/pbcs.dll/article?AID=/20041113/NEWS/411130309&SearchID=73286054391791', '"I''ve heard about Big Foot and stuff," Ward says. "I didn''t really think it existed, but I''m convinced now."');
INSERT INTO SOURCE (Source_ID, Name, URL, Issue) VALUES (18, 'uffington Post', 'http://www.huffingtonpost.com/2013/06/14/skunk-ape-video-myakka-florida_n_3441565.html', 'But now, his poor-quality photos and video have sparked a heated debate.');
INSERT INTO SOURCE (Source_ID, Name, URL, Issue) VALUES (19, 'he City Observer', 'http://www.thecityobserver.org/index.html', 'Lake Helens Bigfoot Activity');
INSERT INTO SOURCE (Source_ID, Name, URL, Issue) VALUES (20, 'The Valdosta Daily Times', 'http://www.valdostadailytimes.com/news/local_news/in-search-of-the-skunk-ape/article_7c620560-5119-5be9-8cc2-96e3649164f7.html?mode=story', '... I saw it.');

-- Report Inserts Generated from data-processing-pipeline.ipynb
INSERT INTO REPORT (Report_Type, Headline, Submitted_Date, Author, Source_ID) VALUES ('Media Article', 'Legendary Bigfoot sighted near Kasigluk', '2013-01-23', 'By KJ Lincoln', 1);
INSERT INTO REPORT (Report_Type, Headline, Submitted_Date, Author, Source_ID) VALUES ('Media Article', 'Bigfoot sightings of years past draw some interest now', '2004-07-11', 'T', 2);
INSERT INTO REPORT (Report_Type, Headline, Submitted_Date, Author, Source_ID) VALUES ('Media Article', 'Bigfoot Legend Thrives In Chilton County: Man-Like Creature Lives In Peach Grove, According To Legend', '2004-07-08', 'N', 3);
INSERT INTO REPORT (Report_Type, Headline, Submitted_Date, Author, Source_ID) VALUES ('Media Article', 'Bigfoot sighting reaching Silver milestone', '2004-07-08', 'By Jason Cannon', 4);
INSERT INTO REPORT (Report_Type, Headline, Submitted_Date, Author, Source_ID) VALUES ('Media Article', 'Strange creature sighted near Sepulga River in Conecuh County, Alabama', '2016-07-28', 'By Lee Peacock', 5);
INSERT INTO REPORT (Report_Type, Headline, Submitted_Date, Author, Source_ID) VALUES ('Media Article', 'The Fouke Monster 30 Years Later: Ex-journalists recall sifting fact from Fouke fiction after sighting', '2001-06-24', 'By Sunni Thibodeau', 6);
INSERT INTO REPORT (Report_Type, Headline, Submitted_Date, Author, Source_ID) VALUES ('Media Article', 'The Fouke Monster: A look at how the media recorded the reports of the 1971 alleged sighting of a large creature in rural Miller County, Ark.', '2001-06-24', 'By Staff Writer  ', 7);
INSERT INTO REPORT (Report_Type, Headline, Submitted_Date, Author, Source_ID) VALUES ('Media Article', 'Bigfoot Sighting Reported in California', '2017-10-13', 'By Alexandra Lehnert', 8);
INSERT INTO REPORT (Report_Type, Headline, Submitted_Date, Author, Source_ID) VALUES ('Media Article', 'He''s big! He''s bashful! He smells bad!', '1971-08-30', 'By Pat Putnam', 9);
INSERT INTO REPORT (Report_Type, Headline, Submitted_Date, Author, Source_ID) VALUES ('Media Article', 'The Legend of the Skunk Ape', '2014-05-24', 'By Anna  Carabeo', 10);
INSERT INTO REPORT (Report_Type, Headline, Submitted_Date, Author, Source_ID) VALUES ('Media Article', 'Creature Feature', '1998-02-19', 'By Jim Kelly', 11);
INSERT INTO REPORT (Report_Type, Headline, Submitted_Date, Author, Source_ID) VALUES ('Media Article', 'The Monster of Two Egg, Florida?', '2010-02-23', 'By Dale Cox', 12);
INSERT INTO REPORT (Report_Type, Headline, Submitted_Date, Author, Source_ID) VALUES ('Media Article', 'Woman claims Bigfoot is real, and is in the Goethe State Forest', '2014-03-23', 'By Bruce  Ackerman', 13);
INSERT INTO REPORT (Report_Type, Headline, Submitted_Date, Author, Source_ID) VALUES ('Media Article', 'Waiting for Skunk Ape to Surface Again', '1975-11-19', 'By Marilyn Alva', 14);
INSERT INTO REPORT (Report_Type, Headline, Submitted_Date, Author, Source_ID) VALUES ('Media Article', 'The Skunk Ape of Florida', '2007-10-28', 'By Cinnamon Bair', 15);
INSERT INTO REPORT (Report_Type, Headline, Submitted_Date, Author, Source_ID) VALUES ('Media Article', '"Ape" Sighting Draws Interest', '2004-12-29', 'By Gary White', 16);
INSERT INTO REPORT (Report_Type, Headline, Submitted_Date, Author, Source_ID) VALUES ('Media Article', '[Our Own Loch Ness Monster?  Woman''s Sighting of Ape-Like Green Swamp Creature Among the Theories Studied by Cryptozoologists]', '2004-11-13', 'By Gary White', 17);
INSERT INTO REPORT (Report_Type, Headline, Submitted_Date, Author, Source_ID) VALUES ('Media Article', 'Skunk Ape Sighting in Myakka', '2013-06-06', 'H', 18);
INSERT INTO REPORT (Report_Type, Headline, Submitted_Date, Author, Source_ID) VALUES ('Media Article', 'Return of the Mole Man', '2012-11-01', 'T', 19);
INSERT INTO REPORT (Report_Type, Headline, Submitted_Date, Author, Source_ID) VALUES ('Media Article', 'In Search of the Skunk Ape', '2010-05-02', 'By Dean  Poling', 20);

-- Investigator Inserts Generated from data-processing-pipeline.ipynb
INSERT INTO INVESTIGATOR (Investigator_ID, Investigator_Name, Title, Organization) VALUES (1, 'Dr. Wolf H. Fahrenbach', 'Chief Investigator', 'Cryptozoology Society');
INSERT INTO INVESTIGATOR (Investigator_ID, Investigator_Name, Title, Organization) VALUES (2, 'Stan Courtney', 'Senior Investigator', 'Cryptozoology Society');
INSERT INTO INVESTIGATOR (Investigator_ID, Investigator_Name, Title, Organization) VALUES (3, 'Charles Lamica', 'Senior Investigator', 'Sighting Documentation Center');
INSERT INTO INVESTIGATOR (Investigator_ID, Investigator_Name, Title, Organization) VALUES (4, 'Kevin Withers', 'Chief Investigator', 'Bigfoot Field Research');
INSERT INTO INVESTIGATOR (Investigator_ID, Investigator_Name, Title, Organization) VALUES (5, 'John Salmond', 'Junior Investigator', 'Cryptozoology Society');
INSERT INTO INVESTIGATOR (Investigator_ID, Investigator_Name, Title, Organization) VALUES (6, 'Conor Ameigh', 'Lead Investigator', 'Bigfoot Field Research');
INSERT INTO INVESTIGATOR (Investigator_ID, Investigator_Name, Title, Organization) VALUES (7, 'Joanna Cuva', 'Lead Investigator', 'Cryptozoology Society');
INSERT INTO INVESTIGATOR (Investigator_ID, Investigator_Name, Title, Organization) VALUES (8, 'Mary Ross', 'Lead Investigator', 'Wildlife Research Institute');
INSERT INTO INVESTIGATOR (Investigator_ID, Investigator_Name, Title, Organization) VALUES (9, 'Kevin Smykal', 'Chief Investigator', 'Bigfoot Field Research');
INSERT INTO INVESTIGATOR (Investigator_ID, Investigator_Name, Title, Organization) VALUES (10, 'W. Gibson', 'Senior Investigator', 'Cryptozoology Society');
INSERT INTO INVESTIGATOR (Investigator_ID, Investigator_Name, Title, Organization) VALUES (11, 'Steve Phillips', 'Chief Investigator', 'BFRO');
INSERT INTO INVESTIGATOR (Investigator_ID, Investigator_Name, Title, Organization) VALUES (12, 'Michael  Brumfield', 'Chief Investigator', 'Bigfoot Field Research');
INSERT INTO INVESTIGATOR (Investigator_ID, Investigator_Name, Title, Organization) VALUES (13, 'Morris Collins', 'Research Investigator', 'Sighting Documentation Center');
INSERT INTO INVESTIGATOR (Investigator_ID, Investigator_Name, Title, Organization) VALUES (14, 'Matthew Moneymaker', 'Senior Investigator', 'BFRO');
INSERT INTO INVESTIGATOR (Investigator_ID, Investigator_Name, Title, Organization) VALUES (15, 'Thomas Bruns', 'Research Investigator', 'BFRO');
INSERT INTO INVESTIGATOR (Investigator_ID, Investigator_Name, Title, Organization) VALUES (16, 'R. Monteith', 'Field Investigator', 'Cryptid Investigation Bureau');
INSERT INTO INVESTIGATOR (Investigator_ID, Investigator_Name, Title, Organization) VALUES (17, 'Vince Lauria', 'Senior Investigator', 'Sighting Documentation Center');
INSERT INTO INVESTIGATOR (Investigator_ID, Investigator_Name, Title, Organization) VALUES (18, 'Mick Minnis', 'Senior Investigator', 'BFRO');
INSERT INTO INVESTIGATOR (Investigator_ID, Investigator_Name, Title, Organization) VALUES (19, 'Tal H. Branco', 'Senior Investigator', 'BFRO');
INSERT INTO INVESTIGATOR (Investigator_ID, Investigator_Name, Title, Organization) VALUES (20, 'Brad Sasser', 'Lead Investigator', 'Cryptozoology Society');

-- Follow-Up Inserts Generated from data-processing-pipeline.ipynb
INSERT INTO FOLLOW_UP (Report_ID, Investigator_ID, Follow_Up_Date, Notes) VALUES (7, 4, '2000-04-12', 'I have discussed on numerous occasions the report filed by (J). Each time he has been consistent with his recounting of events. During one of our discussions I was able to find the Elk Meadow parking lot via Google earth. (J) was able to walk me through the orientation of his truck as he was listening to the chatter on the hillside. Then he talked me through the sequence of events as he moved to the second location where he saw it vault the retaining wall.During my initial call (J) noted that it had been raining and was between showers. The location was absolutely quiet as he and his fiance sat in the car with the windows rolled down. It wasn''t long before they heard some sounds above them. I asked (J) if he could  hear a response to the chatter from the hillside. I was wondering if there could have been a reason for the chatter. He said no just the noises that were up on the hill above them. I asked (J) if he could describe the chatter sounds. First he commented that they reminded him of Chimpanzee.Then He made his rendition of what he heard. The sounds he produced were eerily similar to some of the vocalizations - aka as Samurai Chatter, I heard in the recordings by Sierra Sounds. Sounds that were like words but not of any recognizable dialect. At some point the vocalizations changed to rock clacking.I did find it interesting that things changed after he urinated. It was then that whatever it was that was up on the hillside decided to make its way down to their location. (J) gives a good visual aid when he said the foot falls sounded like flippers on pavement as it made its way across the parking lot. It was at this time (J) decided to move his truck. By using Google earth measurements it appears that he moved his truck about 100 yards or three hundred feet from his original location. By doing so it now gave him the ability to have his headlights on the creature. After getting the path of the creature determined from (J''s) description it appears the path it traversed across the parking lot was approximately 140 feet. The parking lot has a burm in the middle with an approximate five foot elevation change from upper to lower parking lot. As he moved his car he caught a glimpse of the creature as it neared the edge of the parking lot and vaulted the retaining wall. He had his low beam and fog lights on which allowed him a good visual. He said that it turned its body to face him briefly after it went over the edge and allowed him to make some observations of its face. (J) could see skin, light in color with bushy hair or fur framing the chin and face. The face seemed ape-like with a heavy brow ridge. No appearance of a neck but a prominent jawline. The jaw was just about even with the visible collar bone or shoulders. The nose was broad and bulbous. (J) was also able to get an indication of the left ear. He said the color was brown and grayish tones, but most likely the gray was the reflection or sheen of the car headlights. He was also able to see a cream or lighter color patch on its shoulders. He estimates the creature''s height between 7'' 6" to 8" tall. It was at least 4'' wide at the shoulders and narrowing at the waist(J) mentions that he looked at the foot impressions on the hill side. He was able to make a quick judgment of length by analyzing his stride. He has a thirty two inch stride and determined these were at least half again as long. That would make them approximately 48" long. Using his 12" boot for scale he estimates the foot prints were over 17" long and at least 5" in width.I believe (J) had a good visual of a bipedal creature that could not be mistaken for a bear or another human being. Included below are a Google earth map of the encounter showing the location of the creature when it was up on the hillside, its path down the hill across the parking lot and over the edge into the valley below. It shows the original location of (J''s) truck and his second location as he watch the creature vault the fence. The second picture is a collaboration of efforts using (J''s) description of what he saw. Using Paint software, I drew the picture and asked (J) to correct anything he saw wrong. (J) advised me that if you were to have captured the creature on film, this would have been one of the snap shots.');
INSERT INTO FOLLOW_UP (Report_ID, Investigator_ID, Follow_Up_Date, Notes) VALUES (5, 9, '2002-09-30', 'I spoke with the witness for over an hour via telephone and found his report to be credible.  The descriptions of his sightings seem to be in line with what we know of typical sasquatch behavior.Being a backcountry horseman myself, I was especially interested in the reaction of the horses after the witness saw the "chimp-like" animal cross the trail.  His horses had been on that same trail "hundreds of times" before, and since, without refusing to go forward.  His statement that his horses don''t react this way in the presence of bears is similar to my own knowledge of backcountry riding.  I''ve ridden my horses within 100 feet of a bear and they snort and prance about, but they will still move forward.  The fact that the witness'' horse absolutely refused to continue up the trail indicates to me they had seen or smelled something that, for them, was far more unusual and frightening than a bear.');
INSERT INTO FOLLOW_UP (Report_ID, Investigator_ID, Follow_Up_Date, Notes) VALUES (4, 8, '2001-07-25', 'I spoke with the witness for an hour on Nov. 7th. Very down to earth and open. There ended up being a lot more to the account then in his written report, reason being he had a lot to tell us and he was concerned about his report being sent successfully. He was hunting alone on that day. Every year, he and members of his family go hunting around Thanksgiving, and they go somewhere different each time. His cousin had dropped him off at the hunting location mid-afternoon and would pick him up a little after dark. These are public hunting grounds. He had not been to this particular area before. He found a good spot up on a hill and sat on a rock, with a good view of the woods and an open meadow. He had been there for an hour or so with little activity when he heard a "low growling sound" which went on for about 10 minutes. He is an avid hunter and had heard nothing like it before. He was searching his mind, trying to figure out the source. He knew it wasn''t bear, cougar, or any big cat. Then about 30 yards in front of him a pack of coyotes burst out from the tree line and ran across the meadow. After they left his field of vision was when a rock was thrown in his direction. The rock came out from the tree line, very close to where the coyotes had come out of the trees. This is when he grabbed his gun and started scouring the tree line, ready to fire at whatever it was. Knowing he would be alone after dark in an unfamiliar area, and with concerns about black bear, big cats and feral hogs, he had and used a flashlight (not a spotlight) attached to his rifle due to poor lighting. He then saw a creature standing behind a large oak tree. It let out the low growl he had been hearing, then a high pitched scream. This is when he pulled the trigger in a knee jerk reaction to the scream. The creature was described as at least 8 ft. tall, with light brown hair, not fur. The creature''s arm wrapped around the front of the tree, which was at least 3+ feet wide. When the light hit the creature, he noted the eye color as reddish yellow, and when he lowered the light, the eyes were still "glowing". He knew he hit the tree from the sound the bullet made when it hit.The creature then ran off across the meadow into a valley in the same general direction the coyotes went. The creature was massive, absolutely bipedal, and was gone in 3-4 seconds. He sat there a moment to gather himself, then took a walk over to the tree. He indicated there was blood and hair on the tree where the creature had been standing. He felt he probably hit it in the arm, since the bullet strike was square in the middle of the tree where the arm was wrapped around the tree. After a moment of reflection, his hair stood up on his neck and arms, and he then realized what he had seen and shot at. He sat down for a moment to gather himself. He decided that he was going to follow the path the creature took, even though he knew "he was asking for trouble", but with his adrenaline flowing and thinking he had hit the creature, he wanted to follow a bit to see if it "was down". I questioned his decision and he stated "I had the gun, and it ran from me, and would probably run again if it saw me". He walked for 5-10 minutes and had gone slightly off trail. He saw a "teepee like structure at least 8-9 feet tall with a lot of animal bones laying around and an awful smell". He heard a rustling sound across the open area near a briar patch and saw a creature standing there just looking at him. The briar patch came up to the witness'' chest, but was about knee high on this creature. He was about to raise his rifle when he then saw a second creature, shorter than the first one, step out from behind a thicket. He described the hair as about the same color as the first. He then saw a third creature, probably a juvenile, smaller than the other 2, and he described the hair as a "reddish brown" and not the same color as the others. He also noted that 2 of the 3 had eye glow/shine, though he did not remember exactly which ones were shining and which were not. He did not consider taking a shot. It just did not occur to him. He felt he was looking at a "family unit" and was totally in awe. They stood there staring at each other, and then the creatures just all turned and walked off. This entire episode took 5 -10 seconds. The time elapsed from the first encounter to this one he estimated at about an hour. It was dusk and getting dark, so he then headed back to where his cousin was going to pick him up. The entire elapsed time from being dropped off to the final event he estimated to be about 5-6 hours.Commentary from Investigator & BFRO: Several items, but first and foremost. BFRO is a NO KILL organization. We do not advocate or encourage the use of deadly force for evidentiary purposes under ANY circumstances.That being said, the use of deadly force to protect yourself when one TRULY feels threatened while hunting is an accepted, and normal, reaction, under most circumstances. This witness''s reaction upon first sighting the creature, then hearing the growl repeated, and then a scream, was a knee jerk reaction to a situation he, and most others, have never been in, and it could be considered a "normal" reaction for many. Understandable? Yes. Acceptable with a bit of hindsight? Perhaps. Perhaps not.His assessment of his situation was an "eye of the beholder" moment. Had he seen the family unit first and the solo encounter secondly, it is unlikely he would have raised his weapon. Hindsight, and the opinion of this investigator only. We thank you for viewing our reports and supporting our continued efforts at BFRO.');
INSERT INTO FOLLOW_UP (Report_ID, Investigator_ID, Follow_Up_Date, Notes) VALUES (2, 4, '2007-08-03', 'The witness added-- He was 50 yards away when he had sighting. - He feels he came between it and the herd of deer. - It had white/grey hair- Moved like a martial artist, graceful, exact, and smooth.  - It was about six feet tall, 250 pounds......larger than man but not huge. Possibly an adolescent??  - He made the report because of reading Report #4964');
INSERT INTO FOLLOW_UP (Report_ID, Investigator_ID, Follow_Up_Date, Notes) VALUES (1, 18, '2000-12-22', '12-13-07 talked to witness via phone, Seemed real clear about his recollection of his experience.He said he seen a creature facing east while he was driving west. The creature was 8-9 feet in heigth with black fur ,long and thick,cone like head and the head was "tight with the shoulders." Later in the following year I''m going to meet up with this witness and see the actual site.');
INSERT INTO FOLLOW_UP (Report_ID, Investigator_ID, Follow_Up_Date, Notes) VALUES (11, 19, '2004-09-24', 'Spoke to both the husband and the wife. Both were witnesses and had the encounter with the alleged creature 2 years ago.Prior to seeing the green eyeshine, the chronological set of events included:Bipedal footstep sounds, sounds of rocks being thrown into the creek and a very loud moan/howl which was described as starting off with an owl sound, then moving towards a wailing woman/cat sound and ending with a very deep growl. The witness described the growl as very deep and stated I could feel it in my chest.Husband, who is ex Army and served 2 tours in Iraq portrays able marksman skills and is obviously very familiar with weapons. He explained that after several verbal attempts to ward off the alleged creature, he fired directly into it from about 30 yards away. He went on to further explain that once he did this, the eyes only moved closer to him. He said he felt threatened and called for a friend to come to his aid. Finally, the eyes moved back and then totally away from the couple once the friend arrived.Since this incident, he has heard screams/moans similar to these on other occasions in these woods both prior and since this encounter.I saw the area where this incident took place. It is very brushy at this point and slightly overgrown due to the season. The flat area where the couple witnessed this event is fairly small,  somewhat sandy with little grass and directly next to a small creek. Next to this area are small pockets of what appears to be flattened or carved out underbrush. This may have been caused by wild hogs or recent flooding. The alleged creature stood across the creek and slightly uphill from where they were camping. No sounds related to what the witness encountered were heard that late evening of our visit.  Access is limited -- private property.  The property owner is concerned about trespassing, consequently the location will not be shown on the Google Earth layer.I appreciate the openness of both witnesses to discuss and point out these area as them to be very credible in their explanations. The witness continues to come to this area from time to time and future exploration may be possible. Should significant events occur an update will be posted with this report.');
INSERT INTO FOLLOW_UP (Report_ID, Investigator_ID, Follow_Up_Date, Notes) VALUES (20, 2, '2000-05-02', 'From the files of Richard Noll, Jerry''s report comments:SNO-PAC Dispatch Center received a call from Dan Becker at 2130 hrs. on 12/30/77 regarding large, bare, foot prints that he discovered in the snow on Green Mountain. The supervisor referred him to me and gave him my home phone number. I arrived home late that night so I called him back the next morning.I made arrangements with Mr. Becker to meet me in Granite Falls the next day. Our plan was to drive to the location, get some measurements and hopefully a sample of the droppings he had found.Jan. 1, 1978I drove to Granite Falls and met Mr. Becker at 0700 hrs. I transferred my gear to his 4-wheel drive PU and we proceeded up to the Green Mountain area.We drove on snow covered roads for an hour and took several wrong turns. Mr. Becker finally found the right one and located the tracks again.At this spot the road widens and overlooks the valley about 400 feet below. Even from the pickup the tracks were quite visible and well defined. The first thing I did was shoot the trail of tracks and the area with super 8-movie film. It had snowed about 2 inches since Mr. Becker had discovered the tracks. Brushing the snow out, I found that the tracks were firmly frozen in the first layer of snow. The track showed clearly the heel, arch, the ball of the foot and 5 toes. The track was 4 inches across the heel, 6 inches across the ball and 14 inches long. Following this set of tracks up the road the step varied from 4 to 5 feet. About a block up the road I discovered another set of tracks joining the first. These measured 5 inches across the heel, 6.5 inches across the ball and were 17 inches long. Apparently the bigger one had been walking up the road in one of the ruts made by vehicle tires and were obliterated when a vehicle passed. The larger track had a six to seven foot step at times.I followed the tracks up the road another 50 yards where they ended. At this point it looked like they had climbed a steep bank on the right side of the road and went uphill in heavy timber and brush.I then backtracked to see where they had come onto the road. I walked down the road from where they began and found them again about 50 yards away. I followed them another 25 yards where they went back to the road and were lost in the tire ruts again.From what I could tell they came up onto the road from one of the spots where there was no snow and walked up the middle of the road until they came to a creek. At this point the smaller one walked up the right side of the creek to an outcropping of rock, leaving 10 prints in the snow. It then made a 10-foot jump to the side of the creek and left 5 prints there. It then must have walked back to the road in the creek because there were no return tracks in the snow.The larger one''s tracks led off the road to the left and led to a spot overlooking the valley below. You could see where it stood, tracks side by side and probably surveying the valley below. It then turned and took two steps to a place 10 feet away and stood, tracks side by side again pointing in the opposite direction uphill towards the tree line. The tracks then led back to the road. A few feet farther, the smaller one came back to the side of the road and continued on it with 5-foot steps. I photographed the prints with 126 instamatic and even attempted to make a cast of one of the prints. I used Hydra-Cal and surprisingly the cast turned out pretty good for being taken in the snow.I find Mr. Becker to be a credible person and because of the trouble he had finding the location again I doubt that he tried to perpetrate a hoax.Of course the possibility of a hoax always exists, but due to the evidence and measurements and the clarity of the tracks, I would definitely say 2 sasquatch passed through the area within the past five days.The droppings in the area appear to be coyote, but a sample was taken to be checked out.');
INSERT INTO FOLLOW_UP (Report_ID, Investigator_ID, Follow_Up_Date, Notes) VALUES (14, 3, '2002-06-14', 'I spoke with the witness by phone. His verbal report was consistent with his written report. During our conversation he recalled these additional details:The creature was standing on the left side of the road and ran on two legs across the road to his right. He estimates that it was 6 feet plus in height and was built very powerfully. It moved very quickly with a smooth gait. He did not recall any smell or facial features. The distance between it and his car was several car lengths, and he did not believe he was traveling very fast during the encounter. The weather was clear and calm and the time was around 8:30 am. He felt strongly that the deer whistles on his car alerted the creature and might have contributed to the aggression it showed when shaking the tree after crossing the road. He did clearly see the tree shake violently but did not actually see the creature do the shaking.I did a search of the area on Google Earth and found that the forest was much thicker in the direction that the creature ran. The North Fork of the San Gabriel River was less than 1/2 mile away.I found the witness to be very sincere and credible and believe he had an encounter with a bigfoot.');
INSERT INTO FOLLOW_UP (Report_ID, Investigator_ID, Follow_Up_Date, Notes) VALUES (13, 8, '2005-08-31', 'I spoke with the witness by phone.He said the animal had a large head, long stride and was kind of hunched over as it walked.  It was dark brown or black in color.He is familiar with bears and other wildlife.  He is employed as an engineer and is used to paying attention to detail.');
INSERT INTO FOLLOW_UP (Report_ID, Investigator_ID, Follow_Up_Date, Notes) VALUES (16, 20, '2000-04-18', 'Witness states she was letting the dogs out and heard a moaning sound on the other side of the fence at her back yard.  She looked up and saw a large black hairy creature (about 7'' tall) walking parallel to the fence and it made another short grunt sound.  Observation was about 4 seconds and creature disappeared into the woods.  When performing a walk down/recreation of the creatures movements, the creature walked directly towards an existing path in the woods.  The witness states the creature was a little over a foot taller than me, black and hairy.  She observed the creature from its side and could not recall facial details.They live at the end of a road and the entire area past their house is posted with no trespassing signs.  Area is heavily wooded and contains marsh areas.  Deer, Turkey, and Turtles along with numerous other small animals were observed in the area.  A trail-cam was used in two locations for two weeks.  A small animal and a deer were the only pictures captured.  I walked down the surrounding area and did not identify any footprints, structures, or bedding areas.  No additional evidence was able to be collected during this investigation.');
INSERT INTO FOLLOW_UP (Report_ID, Investigator_ID, Follow_Up_Date, Notes) VALUES (6, 18, '2002-03-25', 'I spoke with two of the witnesses by phone.  The animal was described as being about six feet tall with fur of a flat dark color.  It was always upright and very heavily built with a broad chest. They were unable to make out any facial features other than the eyes.');
INSERT INTO FOLLOW_UP (Report_ID, Investigator_ID, Follow_Up_Date, Notes) VALUES (13, 18, '2004-09-14', 'There have been other sightings from this specific area, and one brief video clip. See https://www.youtube.com/watch?v=3o2-xj_axpYThere are trees in pockets along the lake but no large groves of trees. There are mountains nearby though.  Bears frequent the area because there is an abundance of brine fly larvae along the edge of the lake. It''s a very good protein source.Witness contact info is available to BFRO investigators.More video of Mono Lake and the tufas. See https://youtu.be/TtF6dvMhfI0');
INSERT INTO FOLLOW_UP (Report_ID, Investigator_ID, Follow_Up_Date, Notes) VALUES (18, 8, '2005-01-13', 'I spoke at length with the witness two times  by telephone.  He started with the initial story by Mio and then went on to tell about another sighting near Cadillac.  In the initial story, the witness stated he and his kids were camping near Mio in a location that they camped at several times per year.  He stated it was quite late at night, around midnight.  He was sitting in a lawn chair next to a bonfire and his kids were laying in a hammock near the fire.  The animal came from behind him and either jumped over him or ran right past him.  He stated it was like he was paralyzed or in a haze of some kind.  His kids did react to it though, and ran for their van so fast and hard they left an indentation on the van from running into it.  As soon as it ran by, the animal  let out a loud scream and was gone.  The witness stated several times that he has no explanation of why he put it out of his mind for so long or why he felt paralyzed at the time. He remembers his kids being very scared, but he stated that they simply went to the van and went to sleep. Looking back he states that it unnerved everyone to the point that they never went back there again. The witness also states that there were several trees that seemed to be braided together at the tops. I hope to scout the location in the near future, as it is a short distance from my home. Although many years have lapsed, the general area is a hotbed of bigfoot sightings and not far from the Foley Swamp, which is famous for bigfoot encounters.The other experience occurred near Cadillac in 1986.  He and his kids were camped next to the Manistee River, as they had been canoeing.  It was first light in July and as he stepped out of his tent, he spotted the animal just standing and looking at him from a short distance away.  He stated that he clearly remembers the expression on the animal''s face, it was a very peaceful expression, not hostile, nor surprised.  It was around 5 1/2 to 6 feet tall.  It was described as a very peaceful encounter, although the witness did not know what he had seen at the time.   The animal was described as being black in color.  It simply turned and walked away.  He described the face as being more human than ape like. While not a frightening experience, he did state a couple of times that the whole unnerving experience made him quit canoeing.In regard to the incident near Mio, the state the witness found himself in is often reported by persons who have had sasquatch encounters.  Several witnesses have described similar occurrences, which although not fully understood, it is often discussed among researchers. Several animals including elephants, whales, tigers, giraffes and alligators are known to have the ability of using infrasound.  Although inaudible to human ears, it can travel for many miles and is known to affect other animals near it.  Humans have experimented with the use of infrasound, including its use as a weapon in warfare. Symptoms, including temporary paralysis and a dreamlike state, have been reported to possibly affect a person''s health and well-being from minutes to weeks after the encounter.  There is little known about this phenomenon and about bigfoot behavior, and the important information collected by the BFRO from these reports and their field work will contribute toward future research.');
INSERT INTO FOLLOW_UP (Report_ID, Investigator_ID, Follow_Up_Date, Notes) VALUES (15, 19, '2003-02-13', 'We met with the witness (JR) at his friends home. He seemed honest and sincere in his retelling of events. JR and a man he was doing work for were standing on an elevated section of property looking down at a pond. This was a small pond of approximately 2 acres. Directly behind the pond is a deeply wooded area that changes to a pine forest, then ends at a large clearing. JR was making this pond bigger so the landowner could stock it with fish. As they were quietly discussing the job, the landowner noticed a dark, large figure walking through the pine forest behind the pond. Since there was little to no underbrush, they could see it clearly as it walked on two legs for approximately 100 ft through the trees, but when it reached the end of the pines where it should have walked out into the open, it could no longer be seen. They waited for some time, but finally their curiosity drove them to walk down and see for themselves where this animal went to. Thinking it had hunkered down or was hiding behind a tree, they slowly entered the area, but found that it was no longer there. Footprints were not found either as the ground was covered in pine needles. The men judged the height of the creature at 8-9 feet tall by the 4 foot fence behind the forest. It walked casually, as in no hurry, and didn''t seem to be aware that the men were watching it. As a side observation, a few years later, JR''s son was fishing in the same pond, when a rock came from the wooded area and splashed into the pond in front of him. He said it wasn''t a fish as he saw the rock come from the woods. This is the same area that both men lost eight goats from a fenced in enclosure a few years prior to the sighting. These goats were inside a 4 ft hog wire enclosure with a single strand of barbed wire above that. JR said something would have to lift them over the fence to get them out, There was no blood, hair, or sign of struggle ever found. They disappeared one by one over several months. The only animal near to the pond now is the landowners'' horse that will not stay down there after dusk. It always heads back up to the barn at the first sign of nightfall.');
INSERT INTO FOLLOW_UP (Report_ID, Investigator_ID, Follow_Up_Date, Notes) VALUES (12, 1, '2008-07-05', 'The witness is now 19 years old. The incident happened when he was 14 still living with his parents outside Huntington. He described the incident while answering my questions to expand details. The sighting was of short duration and in silhouette. The creature was standing in an open field about 40 yards from and lower in elevation from the witness. The car mentioned in his statement was traveling a road that circled the field. At no time did the headlights shine directly upon the animal. One item to note: When the animal turned to look in their direction, it turned its torso, not its neck. His report of screaming the following night was loud but not nearby. His best guess at the distance was 300-450 yards away from his house.');
INSERT INTO FOLLOW_UP (Report_ID, Investigator_ID, Follow_Up_Date, Notes) VALUES (7, 6, '2007-10-30', 'I spoke to the witness on the phone and found her to be credible. I can add the following details to her report:- She estimates the creature to have been less than 20 feet in front of the truck she was behind. If it hadn''t moved so fast, she believes it would have been hit.- It was dark out, but she could clearly see the size and shape of the creature from the illumination of the truck''s headlights. - The height was probably between six and a half to seven feet tall. The body was thick and the legs "looked like big human legs".');
INSERT INTO FOLLOW_UP (Report_ID, Investigator_ID, Follow_Up_Date, Notes) VALUES (7, 14, '2003-10-25', 'I had a good, long conversation with the man who submitted this report and found him to be a credible witness. He has spent a great deal of time in the outdoors and knows wildlife and the calls they make very well. The witness said he didnt think about the creatures being bigfoots until about ten years later when an aquaintance asked him if he knew about bush apes. The aquaintance then related an encounter he''d had with what he thought were bigfoots. The witness has heard numerous stories about bigfoot sightings in the region, and shared a number of these stories with me.');
INSERT INTO FOLLOW_UP (Report_ID, Investigator_ID, Follow_Up_Date, Notes) VALUES (15, 9, '2001-09-28', 'Spoke to the witness. Regarding the first sighting, It was starting to get dark and they decided to head back to the house.  The pond ravine area was about 50-60 yards away, downhill distance to the 2x2x3.5 tall gate they could hear the sound like a growl from behind them. They took off running from the gate towards the next pond, jumped the three foot livestock electric fence about 20 yards away. As they were at the shop building which is about 50 yards from the pond, turned and saw a reddish 7.5-8 foot tall figure with about 4-5 foot shoulders. The figure was by the gate that they had heard the growl, gate was about waist high.There is a forest preserve in the area, plus creeks, farmland and a lot of wildlife like deer, possum, raccoons, rabbits, birds and fish. Find the witness to be credible.Since filing the report he has experienced a horrific strong smell of something in the area, when walking the fence line.');
INSERT INTO FOLLOW_UP (Report_ID, Investigator_ID, Follow_Up_Date, Notes) VALUES (1, 7, '2008-07-24', 'After reading this report, I went to the area the next day, which was June 26, 2015.  I had not spoken with the witness at that point.  No abnormal findings were noted.I spoke with the witness over the phone at length on 6/29/15 regarding his encounter.  I believe the witness to be true with his description of his encounter.Justin (17) and his brother (20) stealth camped at a site in the Sawmill Campground in High Point State Forest.Shortly after arriving, around 5pm, they decided to go on a hike on one of the trails near camp.  Justin began to see signs of tree manipulations and other structures, such as large upside down trees that were "jammed" into the ground, not far off the trail they were on.  His brother, being a skeptic, dismissed these as natural happenings, however it is documented that these structures are attributed to a possible sasquach that is or has been in the area.  I have documented personally multiple from High Point and other surrounding areas.As night falls they are just hanging out.  Around 2AM, Justin is sitting on a rock by the lake and his brother near the camp fire.  Justin starts an overwhelming feeling of being watched.  He tried to brush it off as nothing, when approx 20 feet to his right heard what sounded like bipedal foot falls.  After a few steps, he heard what he described as a "loud exhale," which happened twice in a row.  His brother later that night described it as a "tent ripping," and although Justin could relate to that description, he said it sounded "louder and human-like."  Both brothers hurried back to the nearby car and spent a sleepless night in the vehicle.At first light, around 5:30AM, Justin walked back to the area of the sound.  He found what he described as a bed, which after viewing his photo is a moderate sized circle area which was mostly skunk cabbage, matted down.  He described a freshly made trail extending from it into the forest.  From the looks of the photographs, this was fairly new, as all the vegetation was alive and not fully matted down.  As he was photographing this area, the noise in which he heard last night was heard again, this time at about 10 feet.Justin had wanted to see what made the sound, so after a quick regrouping at the vehicle, him and his brother went off into the directions of the sound.  As they got into the same area, the noise was heard again, this time followed by obvious bipedal foot falls and other branches breaking off trees.The object which made the sounds or movement was not visible, however it did leave behind possible foot prints, which were photographed.  They stayed in the area looking around for another half hour, then headed back towards their home as his brother had a flight to catch.Justin describes himself as a moderate outdoorsman.  Even though he does not camp often, he routinely hikes.High Point State Park is very popular for camping that time of year.  On the night of their encounter, they saw approx 30 other campers in the area.High Point State Park is home to many black bear.  I sent the witness a link with different bear vocalizations.  He stated that a few sounded similar, but they were still off from what he heard.Photos from witness:Review of this sighting:-Multiple possible vocalizations at different times of the night/early morning.-As per witness, vocalizations were unusual, and similar, but not the same to bears, which are known to inhabit the area.-Witness describes bipedal running through the woods with branches breaking at close range, at night, without noticing any flashlights or people in the area.-Possible partial print was photographed however not documented appropriately.');
INSERT INTO FOLLOW_UP (Report_ID, Investigator_ID, Follow_Up_Date, Notes) VALUES (11, 11, '2001-02-22', 'I spoke to the witness who filed the report and learned the following:The creature appeared on the left side of the road and the driver (the writer of this report)  was not sure what it was and thought deer so she turned her headlights over on it and got a surprise... it just stood there perfectly erect and not moving.  She told me she thought the head was gorilla looking and especially small for the body, and this was seconded by her daughter.  Hair covered the head and any potential ears. A dark animal, all black, it stood and moved off later behind the car, slowly crossing the road erect as well.  (The grandson was said to have turned to look behind and saw it cross behind the car, although in my interview that wasn''t very clear because everything happened so fast and everyone was so excited.)  The closest the car got to the BF was approximately ten feet.   She said she could see no skin through the hair, including the face.  I asked about hands and she said she didn''t see them but noticed it had long arms that hung down while it stood in the erect position.  She felt maybe the hands were in a fist position.The sighting took place approximately 25 miles from  where she lives and she mentioned that in her opinion  there wouldn''t be anyone walking down this road at night since there was nothing on this road except a single church.  On one side of the road was a ditch where it was standing, on the other side was a hill, and the road was surrounded by pine forest.  She also told me it was heavily built, she could see no neck.  The daughter mentioned later that she could see that the chest was heavy and powerful looking. In addition, the brother of the witness was used as a comparison, he is well over 200 pounds at 6 feet 4 inches. She said this creature was significantly bigger. After thinking about her brother and what she saw she felt she underestimated the height of the creature in her excitement in the original report. The other  prime witness, a daughter of the driver, gave the following information in a separate interview : Her view was limited since the subject was to her left and then she had to look around her mother as they drove by it.  She saw a gorilla looking animal, from the midriff up. She recognized no breasts, just a powerful chest. She was bewildered, curious and very interested in driving around more looking for it.  After they drove past it and went home, the daughter remarked how much she wished they would have turned around and observed it further. She said nothing to disagree with her mother  and additionally served as an independent comparison.  She agrees it was gorilla looking and can offer little more in the way of detail except that it was off the road standing erect, lower than the road.');

-- Environment Inserts Generated from data-processing-pipeline.ipynb
INSERT INTO ENVIRONMENT (Environment_ID, Environment_Description, Season, Year, Month, Date_Text, Time_And_Conditions) VALUES (1, 'Heavy forest, open valley and meadows, rugged mountains and hills, ridges, rivers, lakes...everything possible for almost any animal is here to survive and survive and flourish away from humans...', 'Spring', 2021, 5, '05/31/2021', '1:00am PST');
INSERT INTO ENVIRONMENT (Environment_ID, Environment_Description, Season, Year, Month, Date_Text, Time_And_Conditions) VALUES (2, 'The Place this occurred is just inside the city limits of Woodsfield, Ohio. The town is very small, but the sighting did occur with in a few hundred feet of houses. It had been and was snowing very heavily that night. The creatures tracks came down off of a very steep embankment and then continued across SR 78. We later found out that on the bank there is a natural spring that flows year round. South Eastern Ohio is a very hilly place. Very much like the whole of West Virginia.', 'Winter', 1994, 2, NULL, 'Mid/Late Febuary 1994. It was about 10:00pm on a week night. It was snowing.');
INSERT INTO ENVIRONMENT (Environment_ID, Environment_Description, Season, Year, Month, Date_Text, Time_And_Conditions) VALUES (3, 'heavy forrest, almost directly behind the house on the opposite side of the road from the parking area...nearly to the top of the ridge there', 'Summer', 1983, 8, NULL, '1983 sighting was first light, very warm. 2010 sighting, around 6 pm, very warm, clear.');
INSERT INTO ENVIRONMENT (Environment_ID, Environment_Description, Season, Year, Month, Date_Text, Time_And_Conditions) VALUES (4, 'Heavily wooded, fairly remote.', 'Summer', 1982, 7, NULL, 'It was dusk, the sun was setting..estimate time was around 8 PM.');
INSERT INTO ENVIRONMENT (Environment_ID, Environment_Description, Season, Year, Month, Date_Text, Time_And_Conditions) VALUES (5, 'The environment is a decidious/ coniferous forest with mostly oak, maple and other hardwood trees previlent with pockets of large white pines.  To the south and east  were draws that went down into creek bottoms while the north and south were dense overgrowth and forest.  The sighting was from the road that went around the edges of the state park.', 'Summer', 2009, 7, NULL, 'The sighting occurred  during mid afternoon with sunny conditions in a forested area.');
INSERT INTO ENVIRONMENT (Environment_ID, Environment_Description, Season, Year, Month, Date_Text, Time_And_Conditions) VALUES (6, 'Mixed Swamp. creeks, dry land.', 'Winter', 1991, 1, '11', 'We found it on a Friday, early morning.');
INSERT INTO ENVIRONMENT (Environment_ID, Environment_Description, Season, Year, Month, Date_Text, Time_And_Conditions) VALUES (7, 'It was forested with,mostly red firs.,and some cedar groves here and there.There were also one or two ponds close to our area.The mountain also had natural water springs throughout it.There was also a lot of brush in some areas.', 'Summer', 1963, 6, '10', 'This incident occurred between 10am and11am.The skyline was mostly clear.Only a few clouds.The air t');
INSERT INTO ENVIRONMENT (Environment_ID, Environment_Description, Season, Year, Month, Date_Text, Time_And_Conditions) VALUES (8, 'This area has water on all four sides from streams which makes it literally an island. It is thick with woods and abundant wildlife. The thing with this area is it is close to the George Washington National Forest.', 'Spring', 2014, 4, '3', 'Around 4:00 am');
INSERT INTO ENVIRONMENT (Environment_ID, Environment_Description, Season, Year, Month, Date_Text, Time_And_Conditions) VALUES (9, 'Fields, livestock, swamp, creeks,', 'Winter', 2017, 1, '1/15/2017', '12 noon. Overcast and about to storm.');
INSERT INTO ENVIRONMENT (Environment_ID, Environment_Description, Season, Year, Month, Date_Text, Time_And_Conditions) VALUES (10, 'One the right side of the road there are storage building and on the left is the family''s home.  But not far behind all of that on both side are woods and mountains.  It''s not far from Mill Creek.', 'Fall', 2003, 11, '27', 'It was a clear night, but very cold.  It was around 11:30pm.');
INSERT INTO ENVIRONMENT (Environment_ID, Environment_Description, Season, Year, Month, Date_Text, Time_And_Conditions) VALUES (11, 'Mt. Saint Helens was erupting.', 'Spring', 1980, 5, '18', 'Morning. Sulfur smell.');
INSERT INTO ENVIRONMENT (Environment_ID, Environment_Description, Season, Year, Month, Date_Text, Time_And_Conditions) VALUES (12, 'Logged area with plenty of Doug fir, Larch and Ponderosa pine. Some Cottonwoods and aspen in the seasonal streams on either side of the property. Also, lots of shrubby understory; nine barks, spirea, serviceberry and snowberry.', 'Summer', 2013, 7, NULL, '2 a.m. no moon, dark. Hot and dry no clouds.');
INSERT INTO ENVIRONMENT (Environment_ID, Environment_Description, Season, Year, Month, Date_Text, Time_And_Conditions) VALUES (13, 'The environment is a small field, with trees and taller bushes.', 'Fall', 2015, 11, '5', '60 degrees, sunny at 4:12 pm');
INSERT INTO ENVIRONMENT (Environment_ID, Environment_Description, Season, Year, Month, Date_Text, Time_And_Conditions) VALUES (14, 'Heavily wooded area with a small creek.', 'Summer', 2021, 7, '9th', 'The print was found at approximately 10:00 A.M. sunny daylight conditions.');
INSERT INTO ENVIRONMENT (Environment_ID, Environment_Description, Season, Year, Month, Date_Text, Time_And_Conditions) VALUES (15, 'Many many pine trees and woods and a lake w/ many cows.', 'Summer', 1984, 7, NULL, 'It was around 8:00 getting dark, as I ran the sun hit me in the back.');
INSERT INTO ENVIRONMENT (Environment_ID, Environment_Description, Season, Year, Month, Date_Text, Time_And_Conditions) VALUES (16, 'On the edge of the Meramac River with some open pasture and heavy forest from the edge of the campsite on down river for several miles. Lots of caves in the area. Oak, Hickory, Black Walnut, Wild Plum, Mulberry, Paw Paw, Wild Cherry, Blackberry ect.', 'Summer', 1982, 6, NULL, 'Started about 20 minutes before dark and lasted about an hour after dark.');
INSERT INTO ENVIRONMENT (Environment_ID, Environment_Description, Season, Year, Month, Date_Text, Time_And_Conditions) VALUES (17, 'This thing was standing on a concrete bridge, pulling leaves, or something from the branches of trees that grow up from the creek bank below the bridge.', 'Winter', 2001, 12, 'don''t remember', 'about 3am');
INSERT INTO ENVIRONMENT (Environment_ID, Environment_Description, Season, Year, Month, Date_Text, Time_And_Conditions) VALUES (18, 'The land area, was an old timers style coal mining area.', 'Winter', 2014, 2, '17', 'The Tracks had to been made over night Feb 16-17 2014.');
INSERT INTO ENVIRONMENT (Environment_ID, Environment_Description, Season, Year, Month, Date_Text, Time_And_Conditions) VALUES (19, 'Open sage brush/grass on mountain side. Pine groves running in the gulches of the mountain and occasionally in the open areas. Cypress trees in the open areas as well.', 'Fall', 2012, 9, '9/23/12', '7:30 AM, Clear');
INSERT INTO ENVIRONMENT (Environment_ID, Environment_Description, Season, Year, Month, Date_Text, Time_And_Conditions) VALUES (20, 'Dense trees, large hills, ponds, less travelled roads.', 'Fall', 2002, 9, '7', 'Both Day and Night');

--Location Inserts Generated from data-processing-pipeline.ipynb
INSERT INTO LOCATION (Location_ID, State, County, Nearest_Town, Nearest_Road, Location_Details, A_G_Reference) VALUES (1, 'Texas', 'Grayson', 'Denison', 'Eigth Street', 'In Grayson County, in the Northeast part of a  town named Denison, (Texas). It was in the woods right off of Eighth street.', NULL);
INSERT INTO LOCATION (Location_ID, State, County, Nearest_Town, Nearest_Road, Location_Details, A_G_Reference) VALUES (2, 'Washington', 'Chelan', 'Lucerne', 'No roads up there we got there by boat on Lake Che', NULL, NULL);
INSERT INTO LOCATION (Location_ID, State, County, Nearest_Town, Nearest_Road, Location_Details, A_G_Reference) VALUES (3, 'California', 'El Dorado', 'Pollack Pines', 'US 50, Ice house road', 'Campground on Union Valley Lake.  From Highway 50, take Ice House Road and follow for at least 12-15 miles into the hills. Some of the areas around the lake looked like it had been destroyed due to a fire a few years back.', NULL);
INSERT INTO LOCATION (Location_ID, State, County, Nearest_Town, Nearest_Road, Location_Details, A_G_Reference) VALUES (4, 'Michigan', 'Gogebic', 'Watersmeet', 'CR 527', 'along CR 527, enroute to Langford Lake campground area', NULL);
INSERT INTO LOCATION (Location_ID, State, County, Nearest_Town, Nearest_Road, Location_Details, A_G_Reference) VALUES (5, 'West Virginia', 'Mineral', 'Burlington, WV', 'US 50', 'It was in front of a business selling storage buildings.', NULL);
INSERT INTO LOCATION (Location_ID, State, County, Nearest_Town, Nearest_Road, Location_Details, A_G_Reference) VALUES (6, 'Washington', 'Chelan', 'Plain, WA', 'Chiwawa Loop Rd', 'Thousand Trails camp site. 20752 Chiwawa Loop Rd Leavenworth, WA 98626. 18 miles west of Leavenworth, WA', NULL);
INSERT INTO LOCATION (Location_ID, State, County, Nearest_Town, Nearest_Road, Location_Details, A_G_Reference) VALUES (7, 'Oklahoma', 'Delaware', 'Jay, Oklahoma', 'Highway 20', 'Creek between Spavinaw and Eucha on land owned by the city of Tulsa Oklahoma.', 'Deloreme, page 37, 5A');
INSERT INTO LOCATION (Location_ID, State, County, Nearest_Town, Nearest_Road, Location_Details, A_G_Reference) VALUES (8, 'Massachusetts', 'Plymouth', 'Lakeville', 'Marion Road', 'The closest intersection would be Walnut Street and Marion Road. Head south on Marion road and it would be the 1st woods road on the right.', NULL);
INSERT INTO LOCATION (Location_ID, State, County, Nearest_Town, Nearest_Road, Location_Details, A_G_Reference) VALUES (9, 'Indiana', 'Washington', 'Salem', 'Delaney Park Road', 'The Spurgeon Hollow Trail is off of Delaney Park Road a few miles east of State Road 135 north from Salem, IN. Then the trailhead is about half a mile off Delaney Park Road', NULL);
INSERT INTO LOCATION (Location_ID, State, County, Nearest_Town, Nearest_Road, Location_Details, A_G_Reference) VALUES (10, 'California', 'Mono', 'Lee Vining', '395', 'Mono Lake', NULL);
INSERT INTO LOCATION (Location_ID, State, County, Nearest_Town, Nearest_Road, Location_Details, A_G_Reference) VALUES (11, 'California', 'Del Norte', 'Hiouchi is not really a town,so Crescent City woul', 'HWY.199/Redwood Hwy.', 'There  is a small concrete bridge just off Hwy 199 at Hiouchi which is between the Oregon Tunnel and Crescent City,CA. If you are travelling north on 199 going towards Oregon the bridge and road would be to your right.This paved road goes for many miles south of the Hwy. I heard some people refer to this road as the road which was supposed to have been made into a super highway.I think they were just putting me on about that.', NULL);
INSERT INTO LOCATION (Location_ID, State, County, Nearest_Town, Nearest_Road, Location_Details, A_G_Reference) VALUES (12, 'Washington', 'Grays Harbor', 'montesano', 'wynoochee', NULL, NULL);
INSERT INTO LOCATION (Location_ID, State, County, Nearest_Town, Nearest_Road, Location_Details, A_G_Reference) VALUES (13, 'California', 'Tuolumne', 'Yosemite', 'Tioga Pass', 'Approx. 2-5 miles after the upper river campsite at', NULL);
INSERT INTO LOCATION (Location_ID, State, County, Nearest_Town, Nearest_Road, Location_Details, A_G_Reference) VALUES (14, 'Indiana', 'Parke', 'Marshal', 'Hwy 41', 'About 3 to 4 miles south of the Turkey Run State Park & School on Hwy 41.', NULL);
INSERT INTO LOCATION (Location_ID, State, County, Nearest_Town, Nearest_Road, Location_Details, A_G_Reference) VALUES (15, 'Utah', 'Garfield', 'Panguitch', 'Hwy 89', 'I was approx half way through circleville canyon on hwy 89, traveling south.  It crossed the hwy to the sevier river.', NULL);
INSERT INTO LOCATION (Location_ID, State, County, Nearest_Town, Nearest_Road, Location_Details, A_G_Reference) VALUES (16, 'California', 'Mendocino', 'Albion, California', 'Hwy.1', 'On hillside above Albion Flats, on the south side of the Albion River.  Above the river boat dock.', NULL);
INSERT INTO LOCATION (Location_ID, State, County, Nearest_Town, Nearest_Road, Location_Details, A_G_Reference) VALUES (17, 'Colorado', 'Alamosa', 'Blanca, Colorado 81123', 'Colorado Highway 150', 'From I-25 at Walsenberg, take U.S. 160 westbound. Turn right on Co. 150. Go about 2 miles and turn on what is called Lake Como Road. This is the toughest Four Wheel Drive Road in Colorado, and the third toughest in the U.S. You take the road untill it ends at a lake, that is 6.8 miles. It will take you about4 hours.', NULL);
INSERT INTO LOCATION (Location_ID, State, County, Nearest_Town, Nearest_Road, Location_Details, A_G_Reference) VALUES (18, 'Washington', 'Pacific', 'IIwaco,Wa.', '101', NULL, NULL);
INSERT INTO LOCATION (Location_ID, State, County, Nearest_Town, Nearest_Road, Location_Details, A_G_Reference) VALUES (19, 'Illinois', 'Kane', 'Algonquin', 'Algonquin Road', NULL, NULL);
INSERT INTO LOCATION (Location_ID, State, County, Nearest_Town, Nearest_Road, Location_Details, A_G_Reference) VALUES (20, 'Idaho', 'Latah', 'Potlatch, Idaho', 'On Highway 95, close to Wiegand Private Rd', 'The last curve in the highway before Wiegand Private Road.', NULL);

-- Event Inserts Generated from data-processing-pipeline.ipynb
INSERT INTO EVENT (Event_ID, Event_Type, Observed_Description, Other_Witnesses, Witness_Other_Stories, Also_Noticed, Report_ID, Environment_ID, Location_ID) VALUES (1, 'Class A', 'I and two of my friends were bored one night so we decided to do a little snowmachining. Though it was illegal to snowmachine in Anchorage, there were some good trails to ride on a little north of my house.', 'My two friends were snowmachining behind me but did not see it. If it had been light outside they might have seen it, but it was pitch black outside. My only light was from my snowmachine.', 'I have not heard of any other incidents in Anchorage.', 'Some tracks in the snow, and a clearing in the fresh snow where it looked like a large animal had pushed snow aside and layed down.', 1, 1, NULL);
INSERT INTO EVENT (Event_ID, Event_Type, Observed_Description, Other_Witnesses, Witness_Other_Stories, Also_Noticed, Report_ID, Environment_ID, Location_ID) VALUES (2, 'Class B', 'Me and a couple of friends had been bored, when I decided we should take a walk through the woods behind my house. I didn''t think much of it, as me and my friend have done it many times before. There were four of us, and we set out at about 11 o''clock at night. It was rather dark, but there was light from the moon. The weather was rather cold, as we did this in the winter. The area we walked on was game trails (trails that moose walk on) as well as trails used for mushers, runners, cross country skiiers, and that sort. We had walked about 2 miles from my house to another entrance where most people enter. On the way we had talked about unexplainable events or things such as bigfoot, and UFOs. When we reached the bridge where most people come in, one friend had smoked a cigarette. We then saw a light and decided to go on. On the way back, we heard wild dogs barking wildly, and decided to pick up the speed. It eventually became a sprint, whereafter we walked. When we walked, we continued talking about it. It was then I had realized, some thing had been following us, as well as testing us, or even harassing us. It was much earlier, I just didnt think about it. I had thought it was my friend Warren, who is sometimes clumsy. I had thought it was him who had made noises such as slipping, but it was really something throwing stuff at us. I had realized this about half way back. I asked if Warren kept slipping, when he told me it wasn''t, and he thought I could have been pulling a prank. We stopped for a minute to listen when I told the others something strange was going on. We stopped, and shone a flashlight around, hearing noises such as steps, and branches moving and breaking. The leader had thought I had been playing a joke when I told him seriously, I wasn''t. He decided to walk behind with me, when something threw snowballs, and nearly hit us on many occasions. It was then he realized that this was no joke, and we picked up a light jog, for most of the way. When we were almost out of the woods, we had again heard dogs, and maybe 20 ft away, the branches breaking, and again, something throwing stuff at us. By the time we left, it was about 3-3:30 in the morning. I did not go directly to my house because I didn''t know if it was still following us. I know this was not a prank because the snow is more then 5 ft deep in the woods, and someone would have a extremely hard time to play a prank like that.', '4. Me, w-man, warren and sean. We were at my house thinking of what we could do because we were so bored.', 'no', 'We smelled of colonge and after shave, and one of them smoked.(Warren)', 2, 2, NULL);
INSERT INTO EVENT (Event_ID, Event_Type, Observed_Description, Other_Witnesses, Witness_Other_Stories, Also_Noticed, Report_ID, Environment_ID, Location_ID) VALUES (3, 'Class B', 'My hunting buddy and I were sitting on a ridge watching for Caribou. About 1000 yards away a large clearing was in view. While we were glassing the clearing for caribou to come out of the brush we watched a large grey animal walking on hind legs walk between two large spruce trees on opposite sides of the clearing. We are both long time Alaskans, avid hunters and have logged many, many hunts in North America. I have hunted all of North America''s Deer, elk, Black and Grizzly Bear. I have never seen an animal like what we saw that day. we watched it for over a half  hour move from one tree accross the clearing to the other tree. eventually, caribou moved into the area and we lost sight of the animal when it moved off into heavy brush. We had never heard of a Bigfoot in AK. But we did tell the Bush pilot that picked us up from our hunt that we had seen something strange. He told us we had probably seen the "Hairy Man" A well known animal of the Iliamna region by the native people.', 'Scouting for caribou with high quality binoculars', NULL, 'nothing unusual', 3, 3, NULL);
INSERT INTO EVENT (Event_ID, Event_Type, Observed_Description, Other_Witnesses, Witness_Other_Stories, Also_Noticed, Report_ID, Environment_ID, Location_ID) VALUES (4, 'Class B', 'To whom it may concern, I am a commercial fisherman in Alaska and have been doing so since 1970. I am an avid outdoorsman, hunter and someone who just loves to get out there. Every year after fishing, I try to take a trip up river with a friend or two to wind down and enjoy ourselves before we go home. This year while I was on this trip into Alaska''s interior our main mission was to take pictures of bears and the surrounding wildlife to promote a new bear viewing and sports fishing buisness. While on our five day trip, we spotted more than fourty bears. I took hundrends of pictures of these bears and their tracks.', 'One other witness, and he was fishing prior to the incident. As this time of year the salmon fill the lakes and creeks to the brim.', 'I''ve only heard of one other story, from an old native man that lived by himself, a true hermit. He spoke of a tall creature that walked on two legs, and watched him for thirty minutes from accross the river of which his cabin overlooked approximately two hundred feet away,when first sighted  he was motionless and staring straight at him,then this creature which he named "Hairy Man" turned and briskly walked away.', 'Just these foot prints and how obvious it was that this was not a bear track or at least it sure didn''t look or feel that it was.', 4, 4, NULL);
INSERT INTO EVENT (Event_ID, Event_Type, Observed_Description, Other_Witnesses, Witness_Other_Stories, Also_Noticed, Report_ID, Environment_ID, Location_ID) VALUES (5, 'Class A', 'My hiking partner and I arrived late to the Kennikot area. We were trying to make it to the camp sites near the glachier but it started getting too dark even for us . So we decided to camp at the first available site . We found a small spot right off the trail so we made camp and hung our supplies in a tree down the trail , started a fire and were just finishing a small meal when I walked to the trail to smoke.', 'I was the only witness, there was one other in my party but he didn''t see anything, he was at camp, I was about 15 ft from camp smoking a cigarett', NULL, 'I did hear what appeared to be grunting in the distance', 5, 5, NULL);
INSERT INTO EVENT (Event_ID, Event_Type, Observed_Description, Other_Witnesses, Witness_Other_Stories, Also_Noticed, Report_ID, Environment_ID, Location_ID) VALUES (6, 'Class A', 'It was the month of July, 2009 in Fairbanks Alaska.  I was heading south on Auburn Dr toward Farmers Loop which was about 1 mile away.  It is a wooded area frequented by homes and in general would be considered a populated area.  Houses are on an average of about 100 to 200 feet apart with only the general area around and close to the homes cleared out.  Most of the area by far is wooded.  It was the section of the road where it passes by Pearl Creek Elementary school.  The school can be seen through the woods.  Some of the woods in the area are quite thick and in some places cant be seen into more than about 10 or 15 feet.  But in this area, it had apparently been cleaned out quite a bit and sightlines into the section of the sighting were very open.  The school and vegetable garden could be seen off to the right from the road I was on.  It was about 6pm and I was heading home after a day of working on a deck I was building.  The weather was clear with the sun high in the sky.  As I was driving, I happened to notice a man standing by the right side of the road about 100 yards ahead.  It was more of an unconscious recognition.  Theres nothing unusual about a man standing on the side of the road in this area.  As I got to within about 50 yards, I looked closer.  Thats no man I said to myself (I was alone in the car).  Shortly after that, 1 or 2 seconds, he bolted into the woods towards the school.  He did it like a wild animal would do if spooked.  I didnt slow down until I got to the place where I saw him go into the woods which is where I stopped.  I could see him running away from the road and when he was into the woods about 30 yards or so, he turned left and was now running parallel to the road in the same direction I was heading.  I got a good look at him, but not his face.  I could have probably seen his face had I not been so mesmerized and had the presence of mind to look at it.  I was busy noticing other things.  His fur or hair looked to be about 3 to 4 inches all over the main part of his body.  It was a reddish rusty color.  I was mildly struck by how red it was, but it definitely had some rustyness to it.  He was about 6 feet tall and looked to weigh about 200 lbs.  He ran with a strange Hoppy kind of run.  It wasnt a limp.  With one foot he pushed off with was more a normal running move, but the other foot he pushed off with propelled him upward (about a foot or less) and forward.  I watched him until he disappeared into the woods.  There was a road about 100 yards ahead and I took off to get to it so I could turn right and in 20 yards turn right again to the road that lead to the school parking lot.  So the wooded area he was in was sort of a peninsula and he seemingly had to be in there somewhere. The woods I was looking into from that angle were quite thick and I didnt see him and havent seen him since.  A little farther up on the right was the school garden that had people in it (around 7 - 10) which Im now sorry I didnt stop to go talk to them about it.', 'No other witnesses', 'I saw some people the next day who saw some kids the week before who had seen it.', 'I saw some people the next day who saw some kids the week before who had seen it.', 6, 6, NULL);
INSERT INTO EVENT (Event_ID, Event_Type, Observed_Description, Other_Witnesses, Witness_Other_Stories, Also_Noticed, Report_ID, Environment_ID, Location_ID) VALUES (7, 'Class A', 'I personally did not see it but a Noncommissioned officer i work with along with his wife, child and hunting buddy were on their way home when according to them a large, hairy about seven foot ape looking thing crossed the road in front of them. From what i could gather none of them are too familiar with bigfoot information. Any way they say it crossed the road which is about thirty-five feet in width in four to five steps it seemed and disappeared into the brush on the other side which leads to a river called the Chena. Both of the guys have been hunting since childhood and are sure they know a bear when they see one. The thing crossed the road on its hind legs and as we all agreed yeah a bear can raise up on its hindlegs and even take a few clumsy steps, but, cross a thirty-five foot road.....naw! They say they even came back later (they were shook) and looked for tracks. He wasn''t too sure but says he found some tracks that didn''t look like any tracks he was! ! familiar with. They were pointed inward as a person who is what i call pigeon-toed. They heard or saw nothing else but were a bit shook and headed home. The entire story seemed incredible to me because the incident took place on a military installation. I really don''t won''t to get the guys involved because they fear ridicule.', 'They had just picked the buddy up from work.', NULL, NULL, 7, 7, NULL);
INSERT INTO EVENT (Event_ID, Event_Type, Observed_Description, Other_Witnesses, Witness_Other_Stories, Also_Noticed, Report_ID, Environment_ID, Location_ID) VALUES (8, 'Class B', 'This happened in late August of 1997 in a side valley of Goldstream Valley, a relatively populated area just north of Fairbanks.  Although it''s quite close to the Fairbanks area and there are many houses and roads in the main part of Goldstream, the side valleys are still as wild as they were a thousand years ago.', 'Just myself.', 'Most of the native peoples of Alaska seem to have stories about the "woodsman", the "bushman", the "hairy man", etc.  Other than this, I''ve never heard of anyone I know having an actual encounter with a woodsman in Alaska.', 'I covered pretty much everything in my narrative.', 8, 8, NULL);
INSERT INTO EVENT (Event_ID, Event_Type, Observed_Description, Other_Witnesses, Witness_Other_Stories, Also_Noticed, Report_ID, Environment_ID, Location_ID) VALUES (9, 'Class A', 'I was part of a group of about a dozen Army personnel training in the area. It was summer on a warm clear day. We were above treeline and had been camped there for several days. I was looking across the nearest valley when I spotted movement. It was on the base of a steep mountainside in bare, rocky terrain, with snowfields descending down the small gullies on the hillside. It was moving up the valley about a half mile away.', 'Just sitting around relaxing', 'I was telling a friend about this and he said he found tracks in the sand in Alaska out by King Salmon. He said they were over two feet long but looked human. He has alot of outdoor experience here and says they were in no way the tracks of a bear. This was also in a remote area where you don''t see other people, only in planes.', NULL, 9, 9, NULL);
INSERT INTO EVENT (Event_ID, Event_Type, Observed_Description, Other_Witnesses, Witness_Other_Stories, Also_Noticed, Report_ID, Environment_ID, Location_ID) VALUES (10, 'Class A', 'Something that I would not believe unless I saw it just stepped up about 30 feet in front of me stared at me kind of grunted and walked into the woods real quietly . I did have a rifle and a handgun on me because I was out hunting but for some reason I DIDN''T FEEL THREATENED. Although I did turn around and headed back to my car often glancing over my shoulder . I did hear some cracking branches on several occasions and I heard a few low to high tones coming from the direction that the really tall at least 6 feet and shaggy dark brown thing went and what made me walk a little faster was that some of those sounds were answered from the other side of the road .other than that no further sighting and or hearing took place the year', 'I WAS JUST WALKING DOWN THIS DIRT ROAD RABBIT HUNTING.', NULL, 'I believe I covered that in my earlier statement', 10, 10, NULL);
INSERT INTO EVENT (Event_ID, Event_Type, Observed_Description, Other_Witnesses, Witness_Other_Stories, Also_Noticed, Report_ID, Environment_ID, Location_ID) VALUES (11, 'Class B', 'This is just a report from a native that said he saw a hairy person about 6 to 7 feet tall, all hairy, casually walking across the dirt road by Skilak Lake. It looked at him and stopped on the road and appeared surprised. Then it took off into the woods swiftly. He said it was very agile and quick. He was about 275 to 300 yards away. There was no snow on the ground yet. He said they looked at each other for a bit and he loaded his single shot shotgun cause he didn''t know if it was friendly or not. He was going to run and tell the authorities but he didn''t saying that they wouldn''t believe him. He was very serious as he was telling the story. I know the man, he is a strong Christian. That was probably about late October or early November. This place is near Sterling, Alaska. The location is full of spruce forest. I''ve been in there, it''s secluded from the main highway and full of forest and lakes and mountains.', 'The man was hunting small game and riding around to kill time when he saw it.', 'He didn''t want to tell us first but we told him that we know him personally and he told us. This is my first time of someone telling me from this particular area. I haven''t heard of any others.', NULL, 11, 11, NULL);
INSERT INTO EVENT (Event_ID, Event_Type, Observed_Description, Other_Witnesses, Witness_Other_Stories, Also_Noticed, Report_ID, Environment_ID, Location_ID) VALUES (12, 'Class B', 'My name is Kevin and I''ve been hunting in Alaska for 8 years now. I''m used to tracking dangerous animals like Bull Moose and Grizzly Bears. One early morning we were observing several Large Moose tracks in the mud. I saw a track that looked like a BIG FOOT track. I looked at my buddy and said "what does that look like to you"? and He said "That''s a Big Foot track"! there it was amongst the moose tracks. It was a good 11 inches long and was made from the right foot. I could see all 5 toes. What struck me most was the size of the big toe! The track appeared to be a couple of days old. I looked around for other tracks, but found none. The thing must of been running. I wanted to go back there and make a plaster cast, but it was raining hard. Two days later I went back there and the track was filled with water and nonrecognizable.', '2 witnesses  tracking wild game.', 'never heard any stories like this.', NULL, 12, 12, NULL);
INSERT INTO EVENT (Event_ID, Event_Type, Observed_Description, Other_Witnesses, Witness_Other_Stories, Also_Noticed, Report_ID, Environment_ID, Location_ID) VALUES (13, 'Class A', 'A friend and I were driving back to Fairbanks from Anchorage..I was driving her truck-a 1980 Dodge d50 ..these trucks sit very low to the ground..It was late at night, and we were just about to the tourist Area of the Denali Park.  It wasn''t winter yet,  just before a corner, my lights hit something sitting on the yellow line in the middle of the road.  The lights to this truck were grossly out of adjustment, so they were pointing right at the thing.  It was sitting in the middle of the road with it''s legs pulled up to it''s chest, and it''s arms folded over it''s knees.  It''s head was between it''s arms, looking toward the ground It had long, human like hair..at first I thought it was an orangutan,  Then I thought to myself, what would an orangutan be doing in the middle of nowhere in Alaska.  I''ve lived here almost all my life and there is no animal like this one..I thought to myself the only way that could have been an orangutan is if there''s a circus out here.. I knew that was not a possibility in such a remote area. I drove right next to it and I was at it''s level.  If I had been going slow, I could have touched it easily. I was freaked out and thought I must be seeing things, maybe I was tired..My friend saw it too, although neither one of us said a word until we reached the gas station in the town of Healy just passed Denali.  She said "Did you see that.."  and I said, "I thought I was seeing things.." This spooked us so bad we didn''t even say anything to each other about it until we were around people.  We have talked about this, and still agree that we saw this thing. We have given up on trying to explain it to anyone else, because no one believes it..We both have decided not to bring it up because no one believes it anyway.  Why I feel this is so unusual, is there is no animal native to Alaska that could resemble this thing in anyway.  We have bears, moose, caribou, porcupine, rabbits ect..but none of these animals have knees or long reddish colored hair. I don''t know how to explain it, and I''ve given up trying to because nobody believes it, they think your joking.', 'We weren''t talking, She was going to take a nap, I figured she was asleep, and I was just seeing things..until she mentioned it in Healy.', NULL, 'Nothing..we have tried to figure out exactly where this occurred on other trips to and from Anchorage over the years, but have never been able to pin it down for sure.', 13, 13, NULL);
INSERT INTO EVENT (Event_ID, Event_Type, Observed_Description, Other_Witnesses, Witness_Other_Stories, Also_Noticed, Report_ID, Environment_ID, Location_ID) VALUES (14, 'Class A', 'This incident happened last night just after 11pm. My daughter was home alone. She lives with a relative, who was out of town. She called me at 11:22 pm; she was terrified. She said she could hear something walking back and forth by her bedroom window. She also said she looked out the window when she first heard it, and saw "something" big and black, really big. She described the "thing" to have been about 3-4 feet above the bottom of the window. When I went down to look behind the house this morning, I stood by the window. I am 5''4" and my eyes just reach the bottom of the window, so I figure this "thing" must have been 7-8 feet tall. We live in a small village of less than 500 population.  There are a lot of bushes and trees in between the houses. Their house is close to the beach, and there is forest surrounding the town. Now, I''ve never known my daughter to afraid of anything, but last night when I went to pick her up, she was shaking like a leaf, she was hysterical, it took me almost an hour to calm her down. I questioned her about what happened. She called me about 5 minutes after she first saw it.  She was too scared to move. When I got down there, I would not look behind the house, but she was hiding in my relative''s closet. She said it was walking back and forth right behind the house. She described the footsteps as a sound that someone very large walking on two feet, kind of like a "stomping". My daughter is very down-to-earth, not one prone to dramatics. When I first went down there, I didn''t really know what was going on, just that my daughter was scared spitless, but I would not look behind the house. When I went up to the house, my hair felt like it was standing on end, and I had goosebumps really bad. I was scared and didnt know why.', 'No other witnesses', 'There are quite a few other stories about sightings close to town, one was less than a mile away. But there have also been sightings on the Hydaburg road by several people. Too many to post.', 'I questioned a friend who lives next door to my daughter. She said she heard something, but wasn''t too sure what it was, but she didn''t check it out. She also heard her dog barking.', 14, 14, NULL);
INSERT INTO EVENT (Event_ID, Event_Type, Observed_Description, Other_Witnesses, Witness_Other_Stories, Also_Noticed, Report_ID, Environment_ID, Location_ID) VALUES (15, 'Class B', 'I and my cousin were walking down Harris River from the Harris River camp ground. We were walking about 30 to 45 minutes when my cousin thought he saw something standing in front of us about 100 feet or so away. When he asked me if I could see what it was, I told him I couldn''t see because I didn''t have any contacts on or glasses. So he told me it was just a stump so I was like ok.. Then we went over to where we thought the thing was and in the sand about an inch deep there was a footprint like a man''s. In shoe size it looked like it might have been like a size 13 or 15, There were 3 foot prints and about a minute later we ran for about ten minutes and we started walking and then we got to the road, about a mile away from the picnic area, where we were having a Mother''s Day picnic  We started to race each other to the picnic area where our family members were. Then we told them about it and we just kept it to ourselves for some odd reason.', 'There was just I and my cousin. We were trying to figure out what might have been looking at us.', 'No other incidents that I know of.', 'The feet were human-like 5 toes, heel,bridge in the foot,and was really big', 15, 15, NULL);
INSERT INTO EVENT (Event_ID, Event_Type, Observed_Description, Other_Witnesses, Witness_Other_Stories, Also_Noticed, Report_ID, Environment_ID, Location_ID) VALUES (16, 'Class A', 'I was going for a drive. I had 3 kids with me, my daughters and one of their cousins. It was starting to get dark. I decided I wanted to turn around and not go all the way down to the sort yard. So I pulled into a turnaround. I had the car lights on. Just in the bushes on the other side of the road, I noticed some movement. I thought it might have been a deer, so I stopped the car. The first thing I really saw was really bright blue eyes. Then I noticed how far up they were, the thing had to be about 8-9 feet tall. The rest of the thing was real dark, might have been black or dark brown. My daughter saw the feet....they were huge. When I realized it might be a bigfoot, I freaked out and tore out of there. I''ve never been down there after dark again. I rarely go there at all. It didn''t move after the initial movement we saw, it just stood there looking at us.', 'There were 3 of us who saw it. My oldest daughter was 12, and her 11 year old cousin.', 'There are local legends about a wild man in the woods.', NULL, 16, 16, NULL);
INSERT INTO EVENT (Event_ID, Event_Type, Observed_Description, Other_Witnesses, Witness_Other_Stories, Also_Noticed, Report_ID, Environment_ID, Location_ID) VALUES (17, 'Class B', 'This is an excerpt from a short story I wrote about this hunting trip for mostly my family.  I am 64 years old and have 40+ years in law enforcement, currently serving as chief of police.', 'No, Bill slept through it.', 'No.', 'The moment I woke Bill up the wood smacking stopped.', 17, 17, NULL);
INSERT INTO EVENT (Event_ID, Event_Type, Observed_Description, Other_Witnesses, Witness_Other_Stories, Also_Noticed, Report_ID, Environment_ID, Location_ID) VALUES (18, 'Class A', 'Around 6:45pm on April 23rd, 2008, as my son and I were coming into the US from Canada.  We were traveling west about 14 miles on the US side of the US Canada border on the Alcan highway.   My son was driving.  If you''ve ever driven that road, then you know how the pavement has huge dips in it, I suspect from the freezing and thawing of the foundation of soil under the pavement.  Anyway, my son was watching directly in front of the car to make sure we took the smoothest path around some upcoming heaves in the pavement.  I was watching further down the highway as I had done our entire trip from Lethbridge, AB.  My hope was to catch a glimpse of a bear, moose or some awesome wildlife or some kind.   Anyway, we were on a slight decent down a hill, making a slight left corner and about to start up the other side when I saw what I thought was a human crossing the road, may 3-tenths of a mile ahead of us and up then slight incline.  He was a tall, odd looking fellow and I joked to myself when I first saw him..  "Well, there is sasquatch up the road", fully expecting to see that a person had crossed from a house or something on the left-hand side of the road over to another house or something on the right hand side.  When we got to the point where the structures should have been, there was nothing..  I mean nothing.  And no sign of any human, animal or anything else on the right hand side of the road in the woods.  This thing was walking upright like a man, long arms and what looked like a long neck from the side.  It had a fairly long gape in his walk..arms swinging with each stride.  It was all one color...I described it to my wife as the color of a Carhartt rust/brown full cover-alls.  I called her first thing when we got cell coverage in Tok.  She got on the web and saw where this was not the first time a sighting happened in this very same area.  I was so glad that someone else had seen it!  I hate to say it, but he looked similar to the representations on TV and pictures!  By the way, I have always thought this whole thing was a bunch of nonsense.  If nothing else, someone was wearing a suit to make them look like the sasquatch character.', 'just me.', 'Yes.  My wife found incidents in this area on the web.  I dont have those links but can get them...  May have been from this site...', '15 minutes later an ambulance went by us heading east also on the Alcan.  Strange considering there is nothing out there much...  Who knows were the enarist hospital is.  It just was strange on top of what I had just seen.', 18, 18, NULL);
INSERT INTO EVENT (Event_ID, Event_Type, Observed_Description, Other_Witnesses, Witness_Other_Stories, Also_Noticed, Report_ID, Environment_ID, Location_ID) VALUES (19, 'Class A', 'My daughter and I were traveling to Tok, Alaska, westbound approx. 30-45 minutes from US Customs at Alaskan/Canadian Boarder. We were towing a 27 ft. trailer and listening to music and enjoying the view. An object caught my eye standing in the treeline south of the eastbound lane. I saw something from the waist up reaching to a higher part of a white bark tree. I did a double take and slammed on the brakes and came to a complete stop. Whatever it was had its back to us and still was reaching up with its right arm. The animal was a beautiful blond/auburn coloration and appeared well groomed as I could see the waist and well developed shoulders that blended into the head. I didn''t see a real neck. I made a mental note using the tree as a height measuring device. I reached for the camera and my daughter but when we left our truck the animal was gone. We returned to our truck and continued driving until we pulled into the rest stop mentioned above. I took a tape measure from the tool box and measured a similar looking white bark tree using my mental notes....The animal I saw stood at better than 9 ft with an overhead reach greater than 12 ft.', 'Myself and daughter. We were listening to music, talking and just enjoying the sights and view while driving.', 'The hunter mentioned above seemed to think it might have been a grizzly....I do not know if it were a bear or not. What ever we saw was very large, tall > 9 ft, with a tremendous reach.', 'I did not hear any sounds and this was my first road trip in the area.', 19, 19, NULL);
INSERT INTO EVENT (Event_ID, Event_Type, Observed_Description, Other_Witnesses, Witness_Other_Stories, Also_Noticed, Report_ID, Environment_ID, Location_ID) VALUES (20, 'Class A', 'Ed L. was salmon fishing with a companion in Prince William Sound. After anchoring off shore, his companion took a small boat up a river to check on the state of the salmon run. As the day wore on toward evening and he didn''t come back at the expected time, Ed scanned upriver and across the adjacent land with binoculars. There he saw a sasquatch walking across the tundra, with long, smooth steps and with dark hair flowing from its shoulders, bouncing behind "like a cape" at every step. The sasquatch paid no attention to the boat (distance about 1,000'').', 'On a commercial fishing boat at anchor at the mouth of one of the rivers discharging into the bay.', NULL, NULL, 20, 20, NULL);
